Bezirk;Stadtteil;Erfassungsgebietsnummer;Erfassungsgebietsname;Erfassungsgebietsart;Abstimmungsberechtigte (A);Abstimmende (B);Ungültige Stimmzettel (C);Gültige Stimmzettel (D);D-JA;D-NEIN;
Bezirk Hamburg-Mitte;Hamburg-Altstadt/Neuwerk;1011;Finanzämter Steinstraße;ABSTIMMBEZIRK;1738;139;1;138;60;78;
Bezirk Hamburg-Mitte;Hamburg-Altstadt/Neuwerk;10119901;Briefabstimmbezirk;BRIEFABSTIMMBEZIRK;0;754;0;754;394;360;
Bezirk Hamburg-Mitte;HafenCity;1021;Katharinenschule in der HafenCity;ABSTIMMBEZIRK;3254;338;0;338;200;138;
Bezirk Hamburg-Mitte;HafenCity;10219901;Briefabstimmbezirk;BRIEFABSTIMMBEZIRK;0;600;2;598;421;177;
Bezirk Hamburg-Mitte;HafenCity;10219902;Briefabstimmbezirk;BRIEFABSTIMMBEZIRK;0;620;0;620;432;188;
Bezirk Hamburg-Mitte;HafenCity;10219903;Briefabstimmbezirk;BRIEFABSTIMMBEZIRK;0;515;1;514;332;182;
Bezirk Hamburg-Mitte;HafenCity;1022;Grundschule am Baakenhafen;ABSTIMMBEZIRK;3082;311;0;311;174;137;
Bezirk Hamburg-Mitte;HafenCity;10229901;Briefabstimmbezirk;BRIEFABSTIMMBEZIRK;0;656;1;655;390;265;
Bezirk Hamburg-Mitte;HafenCity;10229902;Briefabstimmbezirk;BRIEFABSTIMMBEZIRK;0;612;0;612;321;291;
Bezirk Hamburg-Mitte;Neustadt;1031;Stadtteilschule am Hafen, Standort Neustadt;ABSTIMMBEZIRK;8860;638;0;638;244;394;
Bezirk Hamburg-Mitte;Neustadt;10319901;Briefabstimmbezirk;BRIEFABSTIMMBEZIRK;0;898;7;891;369;522;
Bezirk Hamburg-Mitte;Neustadt;10319902;Briefabstimmbezirk;BRIEFABSTIMMBEZIRK;0;829;1;828;348;480;
Bezirk Hamburg-Mitte;Neustadt;10319903;Briefabstimmbezirk;BRIEFABSTIMMBEZIRK;0;838;2;836;326;510;
Bezirk Hamburg-Mitte;Neustadt;10319904;Briefabstimmbezirk;BRIEFABSTIMMBEZIRK;0;845;1;844;294;550;
Bezirk Hamburg-Mitte;Neustadt;10319905;Briefabstimmbezirk;BRIEFABSTIMMBEZIRK;0;800;0;800;305;495;
Bezirk Hamburg-Mitte;St. Pauli;1041;Berufliche Schule St. Pauli;ABSTIMMBEZIRK;7423;655;3;652;135;517;
Bezirk Hamburg-Mitte;St. Pauli;10419901;Briefabstimmbezirk;BRIEFABSTIMMBEZIRK;0;940;0;940;242;698;
Bezirk Hamburg-Mitte;St. Pauli;10419902;Briefabstimmbezirk;BRIEFABSTIMMBEZIRK;0;846;2;844;188;656;
Bezirk Hamburg-Mitte;St. Pauli;10419903;Briefabstimmbezirk;BRIEFABSTIMMBEZIRK;0;800;0;800;163;637;
Bezirk Hamburg-Mitte;St. Pauli;10419904;Briefabstimmbezirk;BRIEFABSTIMMBEZIRK;0;800;0;800;148;652;
Bezirk Hamburg-Mitte;St. Pauli;1042;Stadtteilschule am Hafen, Standort St. Pauli;ABSTIMMBEZIRK;7409;583;0;583;121;462;
Bezirk Hamburg-Mitte;St. Pauli;10429901;Briefabstimmbezirk;BRIEFABSTIMMBEZIRK;0;724;1;723;250;473;
Bezirk Hamburg-Mitte;St. Pauli;10429902;Briefabstimmbezirk;BRIEFABSTIMMBEZIRK;0;800;0;800;607;193;
Bezirk Hamburg-Mitte;St. Pauli;10429903;Briefabstimmbezirk;BRIEFABSTIMMBEZIRK;0;802;1;801;211;590;
Bezirk Hamburg-Mitte;St. Pauli;10429904;Briefabstimmbezirk;BRIEFABSTIMMBEZIRK;0;843;1;842;197;645;
Bezirk Hamburg-Mitte;St. Georg;1051;Höhere Handelsschule St. Georg;ABSTIMMBEZIRK;7699;603;0;603;228;375;
Bezirk Hamburg-Mitte;St. Georg;10519901;Briefabstimmbezirk;BRIEFABSTIMMBEZIRK;0;800;0;800;344;456;
Bezirk Hamburg-Mitte;St. Georg;10519902;Briefabstimmbezirk;BRIEFABSTIMMBEZIRK;0;800;3;797;381;416;
Bezirk Hamburg-Mitte;St. Georg;10519903;Briefabstimmbezirk;BRIEFABSTIMMBEZIRK;0;1070;0;1070;476;594;
Bezirk Hamburg-Mitte;St. Georg;10519904;Briefabstimmbezirk;BRIEFABSTIMMBEZIRK;0;1022;0;1022;511;511;
Bezirk Hamburg-Mitte;Hammerbrook;1061;Stiftung Grone-Schule;ABSTIMMBEZIRK;3221;179;1;178;72;106;
Bezirk Hamburg-Mitte;Hammerbrook;10619901;Briefabstimmbezirk;BRIEFABSTIMMBEZIRK;0;576;1;575;269;306;
Bezirk Hamburg-Mitte;Hammerbrook;10619902;Briefabstimmbezirk;BRIEFABSTIMMBEZIRK;0;618;1;617;299;318;
Bezirk Hamburg-Mitte;Borgfelde;1071;Berufl. Schule Gesundheit, Luftfahrt, Technik;ABSTIMMBEZIRK;4782;261;1;260;103;157;
Bezirk Hamburg-Mitte;Borgfelde;10719901;Briefabstimmbezirk;BRIEFABSTIMMBEZIRK;0;1026;2;1024;363;661;
Bezirk Hamburg-Mitte;Borgfelde;10719902;Briefabstimmbezirk;BRIEFABSTIMMBEZIRK;0;900;1;899;388;511;
Bezirk Hamburg-Mitte;Hamm;1081;Stadtteilschule Hamburg-Mitte;ABSTIMMBEZIRK;8927;696;0;696;243;453;
Bezirk Hamburg-Mitte;Hamm;10819901;Briefabstimmbezirk;BRIEFABSTIMMBEZIRK;0;930;1;929;321;608;
Bezirk Hamburg-Mitte;Hamm;10819902;Briefabstimmbezirk;BRIEFABSTIMMBEZIRK;0;1016;0;1016;390;626;
Bezirk Hamburg-Mitte;Hamm;10819903;Briefabstimmbezirk;BRIEFABSTIMMBEZIRK;0;1016;0;1016;348;668;
Bezirk Hamburg-Mitte;Hamm;10819904;Briefabstimmbezirk;BRIEFABSTIMMBEZIRK;0;1014;4;1010;328;682;
Bezirk Hamburg-Mitte;Hamm;1082;Schule Hohe Landwehr;ABSTIMMBEZIRK;9008;612;2;610;225;385;
Bezirk Hamburg-Mitte;Hamm;10829901;Briefabstimmbezirk;BRIEFABSTIMMBEZIRK;0;1026;2;1024;424;600;
Bezirk Hamburg-Mitte;Hamm;10829902;Briefabstimmbezirk;BRIEFABSTIMMBEZIRK;0;970;1;969;363;606;
Bezirk Hamburg-Mitte;Hamm;10829903;Briefabstimmbezirk;BRIEFABSTIMMBEZIRK;0;969;0;969;353;616;
Bezirk Hamburg-Mitte;Hamm;10829904;Briefabstimmbezirk;BRIEFABSTIMMBEZIRK;0;967;0;967;366;601;
Bezirk Hamburg-Mitte;Hamm;1083;Elbschloss an der Bille Nachbarschaftszentrum;ABSTIMMBEZIRK;8939;524;0;524;201;323;
Bezirk Hamburg-Mitte;Hamm;10839901;Briefabstimmbezirk;BRIEFABSTIMMBEZIRK;0;970;1;969;363;606;
Bezirk Hamburg-Mitte;Hamm;10839902;Briefabstimmbezirk;BRIEFABSTIMMBEZIRK;0;799;0;799;303;496;
Bezirk Hamburg-Mitte;Hamm;10839903;Briefabstimmbezirk;BRIEFABSTIMMBEZIRK;0;801;1;800;290;510;
Bezirk Hamburg-Mitte;Hamm;10839904;Briefabstimmbezirk;BRIEFABSTIMMBEZIRK;0;825;0;825;322;503;
Bezirk Hamburg-Mitte;Horn;1111;Stadtteilschule Horn;ABSTIMMBEZIRK;11050;596;0;596;232;364;
Bezirk Hamburg-Mitte;Horn;11119901;Briefabstimmbezirk;BRIEFABSTIMMBEZIRK;0;1151;1;1150;432;718;
Bezirk Hamburg-Mitte;Horn;11119902;Briefabstimmbezirk;BRIEFABSTIMMBEZIRK;0;801;0;801;295;506;
Bezirk Hamburg-Mitte;Horn;11119903;Briefabstimmbezirk;BRIEFABSTIMMBEZIRK;0;817;2;815;313;502;
Bezirk Hamburg-Mitte;Horn;11119904;Briefabstimmbezirk;BRIEFABSTIMMBEZIRK;0;800;10;790;285;505;
Bezirk Hamburg-Mitte;Horn;1112;Schule Stengelestraße;ABSTIMMBEZIRK;11287;381;1;380;143;237;
Bezirk Hamburg-Mitte;Horn;11129901;Briefabstimmbezirk;BRIEFABSTIMMBEZIRK;0;1190;0;1190;490;700;
Bezirk Hamburg-Mitte;Horn;11129902;Briefabstimmbezirk;BRIEFABSTIMMBEZIRK;0;811;0;811;328;483;
Bezirk Hamburg-Mitte;Horn;11129903;Briefabstimmbezirk;BRIEFABSTIMMBEZIRK;0;800;0;800;314;486;
Bezirk Hamburg-Mitte;Billstedt;1121;Schule Fuchsbergredder;ABSTIMMBEZIRK;13529;384;0;384;165;219;
Bezirk Hamburg-Mitte;Billstedt;11219901;Briefabstimmbezirk;BRIEFABSTIMMBEZIRK;0;800;1;799;336;463;
Bezirk Hamburg-Mitte;Billstedt;11219902;Briefabstimmbezirk;BRIEFABSTIMMBEZIRK;0;1036;2;1034;451;583;
Bezirk Hamburg-Mitte;Billstedt;11219903;Briefabstimmbezirk;BRIEFABSTIMMBEZIRK;0;900;0;900;422;478;
Bezirk Hamburg-Mitte;Billstedt;11219904;Briefabstimmbezirk;BRIEFABSTIMMBEZIRK;0;1223;2;1221;564;657;
Bezirk Hamburg-Mitte;Billstedt;1122;Hamburg-Service vor Ort Billstedt;ABSTIMMBEZIRK;13860;456;0;456;190;266;
Bezirk Hamburg-Mitte;Billstedt;11229901;Briefabstimmbezirk;BRIEFABSTIMMBEZIRK;0;1052;3;1049;466;583;
Bezirk Hamburg-Mitte;Billstedt;11229902;Briefabstimmbezirk;BRIEFABSTIMMBEZIRK;0;800;0;800;336;464;
Bezirk Hamburg-Mitte;Billstedt;11229903;Briefabstimmbezirk;BRIEFABSTIMMBEZIRK;0;800;1;799;309;490;
Bezirk Hamburg-Mitte;Billstedt;11229904;Briefabstimmbezirk;BRIEFABSTIMMBEZIRK;0;800;2;798;308;490;
Bezirk Hamburg-Mitte;Billstedt;11229905;Briefabstimmbezirk;BRIEFABSTIMMBEZIRK;0;600;0;600;235;365;
Bezirk Hamburg-Mitte;Billstedt;1123;Grundschule Mümmelmannsberg;ABSTIMMBEZIRK;13637;395;1;394;168;226;
Bezirk Hamburg-Mitte;Billstedt;11239901;Briefabstimmbezirk;BRIEFABSTIMMBEZIRK;0;400;0;400;161;239;
Bezirk Hamburg-Mitte;Billstedt;11239902;Briefabstimmbezirk;BRIEFABSTIMMBEZIRK;0;730;2;728;319;409;
Bezirk Hamburg-Mitte;Billstedt;11239903;Briefabstimmbezirk;BRIEFABSTIMMBEZIRK;0;807;0;807;357;450;
Bezirk Hamburg-Mitte;Billstedt;11239904;Briefabstimmbezirk;BRIEFABSTIMMBEZIRK;0;800;7;793;319;474;
Bezirk Hamburg-Mitte;Billbrook/Rothenburgsort;1131;Fritz-Köhne-Schule;ABSTIMMBEZIRK;6094;319;0;319;96;223;
Bezirk Hamburg-Mitte;Billbrook/Rothenburgsort;11319901;Briefabstimmbezirk;BRIEFABSTIMMBEZIRK;0;750;1;749;266;483;
Bezirk Hamburg-Mitte;Billbrook/Rothenburgsort;11319902;Briefabstimmbezirk;BRIEFABSTIMMBEZIRK;0;799;1;798;289;509;
Bezirk Hamburg-Mitte;Veddel/Kleiner Grasbrook/Steinwerder;1151;Spielhaus Katenweide;ABSTIMMBEZIRK;2641;193;0;193;42;151;
Bezirk Hamburg-Mitte;Veddel/Kleiner Grasbrook/Steinwerder;11519901;Briefabstimmbezirk;BRIEFABSTIMMBEZIRK;0;768;1;767;172;595;
Bezirk Hamburg-Mitte;Wilhelmsburg;1161;Schule Rotenhäuser Damm;ABSTIMMBEZIRK;9337;573;2;571;109;462;
Bezirk Hamburg-Mitte;Wilhelmsburg;11619901;Briefabstimmbezirk;BRIEFABSTIMMBEZIRK;0;815;4;811;174;637;
Bezirk Hamburg-Mitte;Wilhelmsburg;11619902;Briefabstimmbezirk;BRIEFABSTIMMBEZIRK;0;1068;0;1068;222;846;
Bezirk Hamburg-Mitte;Wilhelmsburg;11619903;Briefabstimmbezirk;BRIEFABSTIMMBEZIRK;0;1017;0;1017;206;811;
Bezirk Hamburg-Mitte;Wilhelmsburg;1162;Elbinselschule;ABSTIMMBEZIRK;9438;361;0;361;137;224;
Bezirk Hamburg-Mitte;Wilhelmsburg;11629901;Briefabstimmbezirk;BRIEFABSTIMMBEZIRK;0;809;1;808;306;502;
Bezirk Hamburg-Mitte;Wilhelmsburg;11629902;Briefabstimmbezirk;BRIEFABSTIMMBEZIRK;0;885;1;884;335;549;
Bezirk Hamburg-Mitte;Wilhelmsburg;11629903;Briefabstimmbezirk;BRIEFABSTIMMBEZIRK;0;1211;1;1210;527;683;
Bezirk Hamburg-Mitte;Wilhelmsburg;1163;Nelson-Mandela-Schule;ABSTIMMBEZIRK;9371;364;0;364;134;230;
Bezirk Hamburg-Mitte;Wilhelmsburg;11639901;Briefabstimmbezirk;BRIEFABSTIMMBEZIRK;0;819;0;819;327;492;
Bezirk Hamburg-Mitte;Wilhelmsburg;11639902;Briefabstimmbezirk;BRIEFABSTIMMBEZIRK;0;814;0;814;348;466;
Bezirk Hamburg-Mitte;Wilhelmsburg;11639903;Briefabstimmbezirk;BRIEFABSTIMMBEZIRK;0;946;2;944;413;531;
Bezirk Hamburg-Mitte;Waltershof/Finkenwerder;1191;Westerschule Finkenwerder;ABSTIMMBEZIRK;7433;396;1;395;158;237;
Bezirk Hamburg-Mitte;Waltershof/Finkenwerder;11919901;Briefabstimmbezirk;BRIEFABSTIMMBEZIRK;0;800;4;796;303;493;
Bezirk Hamburg-Mitte;Waltershof/Finkenwerder;11919902;Briefabstimmbezirk;BRIEFABSTIMMBEZIRK;0;789;2;787;276;511;
Bezirk Hamburg-Mitte;Waltershof/Finkenwerder;11919903;Briefabstimmbezirk;BRIEFABSTIMMBEZIRK;0;800;4;796;298;498;
Bezirk Hamburg-Mitte;Waltershof/Finkenwerder;11919904;Briefabstimmbezirk;BRIEFABSTIMMBEZIRK;0;1117;1;1116;455;661;
Bezirk Altona;Altona-Altstadt;2011;Grundschule Thadenstraße;ABSTIMMBEZIRK;6509;650;0;650;186;464;
Bezirk Altona;Altona-Altstadt;20119901;Briefabstimmbezirk;BRIEFABSTIMMBEZIRK;0;1643;2;1641;413;1228;
Bezirk Altona;Altona-Altstadt;20119902;Briefabstimmbezirk;BRIEFABSTIMMBEZIRK;0;1260;2;1258;378;880;
Bezirk Altona;Altona-Altstadt;2012;Technisches Rathaus;ABSTIMMBEZIRK;6705;519;3;516;154;362;
Bezirk Altona;Altona-Altstadt;20129901;Briefabstimmbezirk;BRIEFABSTIMMBEZIRK;0;1281;2;1279;330;949;
Bezirk Altona;Altona-Altstadt;20129902;Briefabstimmbezirk;BRIEFABSTIMMBEZIRK;0;1671;0;1671;505;1166;
Bezirk Altona;Altona-Altstadt;2013;Schule Carsten-Rehder-Straße;ABSTIMMBEZIRK;6599;332;2;330;90;240;
Bezirk Altona;Altona-Altstadt;20139901;Briefabstimmbezirk;BRIEFABSTIMMBEZIRK;0;1306;4;1302;379;923;
Bezirk Altona;Altona-Altstadt;20139902;Briefabstimmbezirk;BRIEFABSTIMMBEZIRK;0;1602;4;1598;498;1100;
Bezirk Altona;Sternschanze;2021;Ganztagsgrundschule Sternschanze;ABSTIMMBEZIRK;5392;526;0;526;114;412;
Bezirk Altona;Sternschanze;20219901;Briefabstimmbezirk;BRIEFABSTIMMBEZIRK;0;1200;0;1200;318;882;
Bezirk Altona;Sternschanze;20219902;Briefabstimmbezirk;BRIEFABSTIMMBEZIRK;0;1214;0;1214;330;884;
Bezirk Altona;Altona-Nord;2031;Grundschule Arnkielstraße;ABSTIMMBEZIRK;8872;690;1;689;199;490;
Bezirk Altona;Altona-Nord;20319901;Briefabstimmbezirk;BRIEFABSTIMMBEZIRK;0;1200;1;1199;334;865;
Bezirk Altona;Altona-Nord;20319902;Briefabstimmbezirk;BRIEFABSTIMMBEZIRK;0;1264;3;1261;409;852;
Bezirk Altona;Altona-Nord;20319903;Briefabstimmbezirk;BRIEFABSTIMMBEZIRK;0;1468;1;1467;482;985;
Bezirk Altona;Altona-Nord;2032;Theodor-Haubach-Schule;ABSTIMMBEZIRK;8866;822;0;822;278;544;
Bezirk Altona;Altona-Nord;20329901;Briefabstimmbezirk;BRIEFABSTIMMBEZIRK;0;1299;2;1297;371;926;
Bezirk Altona;Altona-Nord;20329902;Briefabstimmbezirk;BRIEFABSTIMMBEZIRK;0;1600;1;1599;532;1067;
Bezirk Altona;Altona-Nord;20329903;Briefabstimmbezirk;BRIEFABSTIMMBEZIRK;0;1357;1;1356;440;916;
Bezirk Altona;Ottensen;2041;Schule Bahrenfelder Straße;ABSTIMMBEZIRK;9384;694;0;694;225;469;
Bezirk Altona;Ottensen;20419901;Briefabstimmbezirk;BRIEFABSTIMMBEZIRK;0;1499;2;1497;390;1107;
Bezirk Altona;Ottensen;20419902;Briefabstimmbezirk;BRIEFABSTIMMBEZIRK;0;1397;0;1397;485;912;
Bezirk Altona;Ottensen;20419903;Briefabstimmbezirk;BRIEFABSTIMMBEZIRK;0;1860;6;1854;647;1207;
Bezirk Altona;Ottensen;2042;Gymnasium Altona (Haus der Chemie);ABSTIMMBEZIRK;8887;601;1;600;186;414;
Bezirk Altona;Ottensen;20429901;Briefabstimmbezirk;BRIEFABSTIMMBEZIRK;0;1332;1;1331;365;966;
Bezirk Altona;Ottensen;20429902;Briefabstimmbezirk;BRIEFABSTIMMBEZIRK;0;1556;1;1555;516;1039;
Bezirk Altona;Ottensen;20429903;Briefabstimmbezirk;BRIEFABSTIMMBEZIRK;0;1600;1;1599;545;1054;
Bezirk Altona;Ottensen;2043;Schule Rothestraße;ABSTIMMBEZIRK;8854;771;1;770;315;455;
Bezirk Altona;Ottensen;20439901;Briefabstimmbezirk;BRIEFABSTIMMBEZIRK;0;1615;1;1614;598;1016;
Bezirk Altona;Ottensen;20439902;Briefabstimmbezirk;BRIEFABSTIMMBEZIRK;0;1497;1;1496;635;861;
Bezirk Altona;Ottensen;20439903;Briefabstimmbezirk;BRIEFABSTIMMBEZIRK;0;1800;1;1799;699;1100;
Bezirk Altona;Bahrenfeld;2051;Grundschule Groß Flottbek;ABSTIMMBEZIRK;10003;599;0;599;273;326;
Bezirk Altona;Bahrenfeld;20519901;Briefabstimmbezirk;BRIEFABSTIMMBEZIRK;0;1200;1;1199;467;732;
Bezirk Altona;Bahrenfeld;20519902;Briefabstimmbezirk;BRIEFABSTIMMBEZIRK;0;1200;5;1195;472;723;
Bezirk Altona;Bahrenfeld;20519903;Briefabstimmbezirk;BRIEFABSTIMMBEZIRK;0;1200;1;1199;462;737;
Bezirk Altona;Bahrenfeld;20519904;Briefabstimmbezirk;BRIEFABSTIMMBEZIRK;0;1070;3;1067;446;621;
Bezirk Altona;Bahrenfeld;2052;Esther-Bejarano-Schule;ABSTIMMBEZIRK;10117;774;3;771;236;535;
Bezirk Altona;Bahrenfeld;20529901;Briefabstimmbezirk;BRIEFABSTIMMBEZIRK;0;1554;3;1551;1113;438;
Bezirk Altona;Bahrenfeld;20529902;Briefabstimmbezirk;BRIEFABSTIMMBEZIRK;0;1400;7;1393;452;941;
Bezirk Altona;Bahrenfeld;20529903;Briefabstimmbezirk;BRIEFABSTIMMBEZIRK;0;1836;2;1834;568;1266;
Bezirk Altona;Groß Flottbek;2061;Schule Windmühlenweg;ABSTIMMBEZIRK;7870;604;0;604;353;251;
Bezirk Altona;Groß Flottbek;20619901;Briefabstimmbezirk;BRIEFABSTIMMBEZIRK;0;1200;0;1200;639;561;
Bezirk Altona;Groß Flottbek;20619902;Briefabstimmbezirk;BRIEFABSTIMMBEZIRK;0;1200;4;1196;655;541;
Bezirk Altona;Groß Flottbek;20619903;Briefabstimmbezirk;BRIEFABSTIMMBEZIRK;0;1200;2;1198;727;471;
Bezirk Altona;Groß Flottbek;20619904;Briefabstimmbezirk;BRIEFABSTIMMBEZIRK;0;1029;9;1020;555;465;
Bezirk Altona;Othmarschen;2071;Schule Klein Flottbeker Weg;ABSTIMMBEZIRK;11381;656;0;656;387;269;
Bezirk Altona;Othmarschen;20719901;Briefabstimmbezirk;BRIEFABSTIMMBEZIRK;0;1294;2;1292;736;556;
Bezirk Altona;Othmarschen;20719902;Briefabstimmbezirk;BRIEFABSTIMMBEZIRK;0;1600;0;1600;904;696;
Bezirk Altona;Othmarschen;20719903;Briefabstimmbezirk;BRIEFABSTIMMBEZIRK;0;1200;1;1199;651;548;
Bezirk Altona;Othmarschen;20719904;Briefabstimmbezirk;BRIEFABSTIMMBEZIRK;0;1200;4;1196;664;532;
Bezirk Altona;Othmarschen;20719905;Briefabstimmbezirk;BRIEFABSTIMMBEZIRK;0;1339;1;1338;749;589;
Bezirk Altona;Lurup;2081;Fridtjof-Nansen-Schule;ABSTIMMBEZIRK;11419;486;0;486;229;257;
Bezirk Altona;Lurup;20819901;Briefabstimmbezirk;BRIEFABSTIMMBEZIRK;0;1200;0;1200;492;708;
Bezirk Altona;Lurup;20819902;Briefabstimmbezirk;BRIEFABSTIMMBEZIRK;0;1200;0;1200;503;697;
Bezirk Altona;Lurup;20819903;Briefabstimmbezirk;BRIEFABSTIMMBEZIRK;0;1067;2;1065;423;642;
Bezirk Altona;Lurup;2082;Stadtteilschule Lurup (Flurstraße);ABSTIMMBEZIRK;11491;537;1;536;250;286;
Bezirk Altona;Lurup;20829901;Briefabstimmbezirk;BRIEFABSTIMMBEZIRK;0;1224;1;1223;490;733;
Bezirk Altona;Lurup;20829902;Briefabstimmbezirk;BRIEFABSTIMMBEZIRK;0;1348;2;1346;648;698;
Bezirk Altona;Lurup;20829903;Briefabstimmbezirk;BRIEFABSTIMMBEZIRK;0;1200;3;1197;534;663;
Bezirk Altona;Osdorf;2091;Schule Wesperloh;ABSTIMMBEZIRK;8664;361;0;361;156;205;
Bezirk Altona;Osdorf;20919901;Briefabstimmbezirk;BRIEFABSTIMMBEZIRK;0;1216;2;1214;486;728;
Bezirk Altona;Osdorf;20919902;Briefabstimmbezirk;BRIEFABSTIMMBEZIRK;0;1254;2;1252;500;752;
Bezirk Altona;Osdorf;2092;Grundschule Goosacker;ABSTIMMBEZIRK;8607;530;2;528;289;239;
Bezirk Altona;Osdorf;20929901;Briefabstimmbezirk;BRIEFABSTIMMBEZIRK;0;1200;0;1200;610;590;
Bezirk Altona;Osdorf;20929902;Briefabstimmbezirk;BRIEFABSTIMMBEZIRK;0;1200;0;1200;602;598;
Bezirk Altona;Osdorf;20929903;Briefabstimmbezirk;BRIEFABSTIMMBEZIRK;0;1200;0;1200;648;552;
Bezirk Altona;Osdorf;20929904;Briefabstimmbezirk;BRIEFABSTIMMBEZIRK;0;958;3;955;551;404;
Bezirk Altona;Nienstedten;2101;Schule Schulkamp;ABSTIMMBEZIRK;5283;376;1;375;247;128;
Bezirk Altona;Nienstedten;21019901;Briefabstimmbezirk;BRIEFABSTIMMBEZIRK;0;1221;1;1220;733;487;
Bezirk Altona;Nienstedten;21019902;Briefabstimmbezirk;BRIEFABSTIMMBEZIRK;0;1751;3;1748;1071;677;
Bezirk Altona;Blankenese;2111;Gorch-Fock-Schule;ABSTIMMBEZIRK;10378;608;0;608;376;232;
Bezirk Altona;Blankenese;21119901;Briefabstimmbezirk;BRIEFABSTIMMBEZIRK;0;1233;2;1231;696;535;
Bezirk Altona;Blankenese;21119902;Briefabstimmbezirk;BRIEFABSTIMMBEZIRK;0;1201;0;1201;695;506;
Bezirk Altona;Blankenese;21119903;Briefabstimmbezirk;BRIEFABSTIMMBEZIRK;0;1200;0;1200;711;489;
Bezirk Altona;Blankenese;21119904;Briefabstimmbezirk;BRIEFABSTIMMBEZIRK;0;1200;1;1199;724;475;
Bezirk Altona;Blankenese;21119905;Briefabstimmbezirk;BRIEFABSTIMMBEZIRK;0;1300;0;1300;764;536;
Bezirk Altona;Iserbrook;2121;Schule Schenefelder Landstraße;ABSTIMMBEZIRK;8392;570;0;570;293;277;
Bezirk Altona;Iserbrook;21219901;Briefabstimmbezirk;BRIEFABSTIMMBEZIRK;0;1200;4;1196;502;694;
Bezirk Altona;Iserbrook;21219902;Briefabstimmbezirk;BRIEFABSTIMMBEZIRK;0;1200;0;1200;531;669;
Bezirk Altona;Iserbrook;21219903;Briefabstimmbezirk;BRIEFABSTIMMBEZIRK;0;1688;1;1687;887;800;
Bezirk Altona;Sülldorf;2131;Schule Lehmkuhlenweg;ABSTIMMBEZIRK;6540;401;0;401;222;179;
Bezirk Altona;Sülldorf;21319901;Briefabstimmbezirk;BRIEFABSTIMMBEZIRK;0;1225;1;1224;527;697;
Bezirk Altona;Sülldorf;21319902;Briefabstimmbezirk;BRIEFABSTIMMBEZIRK;0;1200;1;1199;660;539;
Bezirk Altona;Sülldorf;21319903;Briefabstimmbezirk;BRIEFABSTIMMBEZIRK;0;905;1;904;477;427;
Bezirk Altona;Rissen;2141;Grundschule Marschweg;ABSTIMMBEZIRK;6005;439;0;439;274;165;
Bezirk Altona;Rissen;21419901;Briefabstimmbezirk;BRIEFABSTIMMBEZIRK;0;1200;0;1200;584;616;
Bezirk Altona;Rissen;21419902;Briefabstimmbezirk;BRIEFABSTIMMBEZIRK;0;1212;1;1211;688;523;
Bezirk Altona;Rissen;21419903;Briefabstimmbezirk;BRIEFABSTIMMBEZIRK;0;730;1;729;425;304;
Bezirk Altona;Rissen;2142;Schule Iserbarg;ABSTIMMBEZIRK;5936;449;0;449;258;191;
Bezirk Altona;Rissen;21429901;Briefabstimmbezirk;BRIEFABSTIMMBEZIRK;0;1200;4;1196;564;632;
Bezirk Altona;Rissen;21429902;Briefabstimmbezirk;BRIEFABSTIMMBEZIRK;0;1200;1;1199;641;558;
Bezirk Altona;Rissen;21429903;Briefabstimmbezirk;BRIEFABSTIMMBEZIRK;0;882;1;881;501;380;
Bezirk Eimsbüttel;Eimsbüttel;3011;Berufliche Schule für Wirtschaft;ABSTIMMBEZIRK;6118;612;1;611;218;393;
Bezirk Eimsbüttel;Eimsbüttel;30119901;Briefabstimmbezirk;BRIEFABSTIMMBEZIRK;0;1347;2;1345;518;827;
Bezirk Eimsbüttel;Eimsbüttel;30119902;Briefabstimmbezirk;BRIEFABSTIMMBEZIRK;0;1513;2;1511;633;878;
Bezirk Eimsbüttel;Eimsbüttel;3012;Schule Rellinger Straße;ABSTIMMBEZIRK;6348;671;1;670;264;406;
Bezirk Eimsbüttel;Eimsbüttel;30129901;Briefabstimmbezirk;BRIEFABSTIMMBEZIRK;0;1419;1;1418;482;936;
Bezirk Eimsbüttel;Eimsbüttel;30129902;Briefabstimmbezirk;BRIEFABSTIMMBEZIRK;0;1565;6;1559;587;972;
Bezirk Eimsbüttel;Eimsbüttel;3013;Schule Lutterothstraße;ABSTIMMBEZIRK;6354;638;1;637;260;377;
Bezirk Eimsbüttel;Eimsbüttel;30139901;Briefabstimmbezirk;BRIEFABSTIMMBEZIRK;0;1542;2;1540;653;887;
Bezirk Eimsbüttel;Eimsbüttel;30139902;Briefabstimmbezirk;BRIEFABSTIMMBEZIRK;0;1600;0;1600;635;965;
Bezirk Eimsbüttel;Eimsbüttel;3014;Grundschule Eduardstraße;ABSTIMMBEZIRK;6284;472;1;471;193;278;
Bezirk Eimsbüttel;Eimsbüttel;30149901;Briefabstimmbezirk;BRIEFABSTIMMBEZIRK;0;1445;3;1442;539;903;
Bezirk Eimsbüttel;Eimsbüttel;30149902;Briefabstimmbezirk;BRIEFABSTIMMBEZIRK;0;1540;3;1537;667;870;
Bezirk Eimsbüttel;Eimsbüttel;3015;Schule an der Isebek;ABSTIMMBEZIRK;6361;598;1;597;286;311;
Bezirk Eimsbüttel;Eimsbüttel;30159901;Briefabstimmbezirk;BRIEFABSTIMMBEZIRK;0;1595;1;1594;771;823;
Bezirk Eimsbüttel;Eimsbüttel;30159902;Briefabstimmbezirk;BRIEFABSTIMMBEZIRK;0;1907;4;1903;871;1032;
Bezirk Eimsbüttel;Eimsbüttel;3016;Schule Kielortallee;ABSTIMMBEZIRK;6363;669;0;669;249;420;
Bezirk Eimsbüttel;Eimsbüttel;30169901;Briefabstimmbezirk;BRIEFABSTIMMBEZIRK;0;1642;0;1642;586;1056;
Bezirk Eimsbüttel;Eimsbüttel;30169902;Briefabstimmbezirk;BRIEFABSTIMMBEZIRK;0;1609;0;1609;599;1010;
Bezirk Eimsbüttel;Eimsbüttel;3017;Hamburg-Haus Eimsbüttel;ABSTIMMBEZIRK;6343;542;2;540;205;335;
Bezirk Eimsbüttel;Eimsbüttel;30179901;Briefabstimmbezirk;BRIEFABSTIMMBEZIRK;0;1503;2;1501;521;980;
Bezirk Eimsbüttel;Eimsbüttel;30179902;Briefabstimmbezirk;BRIEFABSTIMMBEZIRK;0;1662;0;1662;577;1085;
Bezirk Eimsbüttel;Rotherbaum;3021;Staats- und Universitätsbibliothek, Hamburg;ABSTIMMBEZIRK;6199;511;1;510;224;286;
Bezirk Eimsbüttel;Rotherbaum;30219901;Briefabstimmbezirk;BRIEFABSTIMMBEZIRK;0;1519;5;1514;691;823;
Bezirk Eimsbüttel;Rotherbaum;30219902;Briefabstimmbezirk;BRIEFABSTIMMBEZIRK;0;1624;2;1622;760;862;
Bezirk Eimsbüttel;Rotherbaum;3022;Grundschule Turmweg;ABSTIMMBEZIRK;6258;450;0;450;265;185;
Bezirk Eimsbüttel;Rotherbaum;30229901;Briefabstimmbezirk;BRIEFABSTIMMBEZIRK;0;1609;1;1608;1032;576;
Bezirk Eimsbüttel;Rotherbaum;30229902;Briefabstimmbezirk;BRIEFABSTIMMBEZIRK;0;1745;1;1744;1054;690;
Bezirk Eimsbüttel;Harvestehude;3031;Schule Isestraße;ABSTIMMBEZIRK;6630;358;0;358;231;127;
Bezirk Eimsbüttel;Harvestehude;30319901;Briefabstimmbezirk;BRIEFABSTIMMBEZIRK;0;1864;1;1863;1276;587;
Bezirk Eimsbüttel;Harvestehude;30319902;Briefabstimmbezirk;BRIEFABSTIMMBEZIRK;0;2000;0;2000;1270;730;
Bezirk Eimsbüttel;Harvestehude;3032;Bezirksamt Eimsbüttel;ABSTIMMBEZIRK;6582;465;1;464;208;256;
Bezirk Eimsbüttel;Harvestehude;30329901;Briefabstimmbezirk;BRIEFABSTIMMBEZIRK;0;1636;2;1634;866;768;
Bezirk Eimsbüttel;Harvestehude;30329902;Briefabstimmbezirk;BRIEFABSTIMMBEZIRK;0;1666;8;1658;792;866;
Bezirk Eimsbüttel;Hoheluft-West;3041;Gymnasium Hoheluft;ABSTIMMBEZIRK;5241;402;1;401;164;237;
Bezirk Eimsbüttel;Hoheluft-West;30419901;Briefabstimmbezirk;BRIEFABSTIMMBEZIRK;0;1195;0;1195;526;669;
Bezirk Eimsbüttel;Hoheluft-West;30419902;Briefabstimmbezirk;BRIEFABSTIMMBEZIRK;0;1257;4;1253;512;741;
Bezirk Eimsbüttel;Hoheluft-West;3042;Grundschule Hoheluft;ABSTIMMBEZIRK;5215;449;0;449;229;220;
Bezirk Eimsbüttel;Hoheluft-West;30429901;Briefabstimmbezirk;BRIEFABSTIMMBEZIRK;0;1259;0;1259;635;624;
Bezirk Eimsbüttel;Hoheluft-West;30429902;Briefabstimmbezirk;BRIEFABSTIMMBEZIRK;0;1600;2;1598;716;882;
Bezirk Eimsbüttel;Lokstedt;3051;Schule Hinter der Lieth;ABSTIMMBEZIRK;7280;501;2;499;253;246;
Bezirk Eimsbüttel;Lokstedt;30519901;Briefabstimmbezirk;BRIEFABSTIMMBEZIRK;0;1242;3;1239;609;630;
Bezirk Eimsbüttel;Lokstedt;30519902;Briefabstimmbezirk;BRIEFABSTIMMBEZIRK;0;1200;1;1199;594;605;
Bezirk Eimsbüttel;Lokstedt;30519903;Briefabstimmbezirk;BRIEFABSTIMMBEZIRK;0;1192;0;1192;523;669;
Bezirk Eimsbüttel;Lokstedt;3052;Gymnasium Corveystraße;ABSTIMMBEZIRK;7180;533;0;533;279;254;
Bezirk Eimsbüttel;Lokstedt;30529901;Briefabstimmbezirk;BRIEFABSTIMMBEZIRK;0;1247;3;1244;708;536;
Bezirk Eimsbüttel;Lokstedt;30529902;Briefabstimmbezirk;BRIEFABSTIMMBEZIRK;0;1232;2;1230;675;555;
Bezirk Eimsbüttel;Lokstedt;30529903;Briefabstimmbezirk;BRIEFABSTIMMBEZIRK;0;1200;0;1200;563;637;
Bezirk Eimsbüttel;Lokstedt;3053;Schule Döhrnstraße;ABSTIMMBEZIRK;7469;591;1;590;298;292;
Bezirk Eimsbüttel;Lokstedt;30539901;Briefabstimmbezirk;BRIEFABSTIMMBEZIRK;0;1174;0;1174;548;626;
Bezirk Eimsbüttel;Lokstedt;30539902;Briefabstimmbezirk;BRIEFABSTIMMBEZIRK;0;1200;3;1197;527;670;
Bezirk Eimsbüttel;Lokstedt;30539903;Briefabstimmbezirk;BRIEFABSTIMMBEZIRK;0;935;0;935;385;550;
Bezirk Eimsbüttel;Niendorf;3061;Gymnasium Ohmoor;ABSTIMMBEZIRK;7674;548;2;546;293;253;
Bezirk Eimsbüttel;Niendorf;30619901;Briefabstimmbezirk;BRIEFABSTIMMBEZIRK;0;1208;4;1204;572;632;
Bezirk Eimsbüttel;Niendorf;30619902;Briefabstimmbezirk;BRIEFABSTIMMBEZIRK;0;1289;1;1288;638;650;
Bezirk Eimsbüttel;Niendorf;30619903;Briefabstimmbezirk;BRIEFABSTIMMBEZIRK;0;1200;0;1200;551;649;
Bezirk Eimsbüttel;Niendorf;3062;Schule Sethweg;ABSTIMMBEZIRK;7632;559;0;559;280;279;
Bezirk Eimsbüttel;Niendorf;30629901;Briefabstimmbezirk;BRIEFABSTIMMBEZIRK;0;1216;2;1214;576;638;
Bezirk Eimsbüttel;Niendorf;30629902;Briefabstimmbezirk;BRIEFABSTIMMBEZIRK;0;1352;2;1350;707;643;
Bezirk Eimsbüttel;Niendorf;30629903;Briefabstimmbezirk;BRIEFABSTIMMBEZIRK;0;1201;0;1201;508;693;
Bezirk Eimsbüttel;Niendorf;3063;Schule Burgunderweg;ABSTIMMBEZIRK;7908;628;0;628;323;305;
Bezirk Eimsbüttel;Niendorf;30639901;Briefabstimmbezirk;BRIEFABSTIMMBEZIRK;0;1206;1;1205;587;618;
Bezirk Eimsbüttel;Niendorf;30639902;Briefabstimmbezirk;BRIEFABSTIMMBEZIRK;0;1332;3;1329;647;682;
Bezirk Eimsbüttel;Niendorf;30639903;Briefabstimmbezirk;BRIEFABSTIMMBEZIRK;0;1434;2;1432;756;676;
Bezirk Eimsbüttel;Niendorf;3064;Dienststelle Garstedter Weg;ABSTIMMBEZIRK;7695;487;1;486;239;247;
Bezirk Eimsbüttel;Niendorf;30649901;Briefabstimmbezirk;BRIEFABSTIMMBEZIRK;0;1242;3;1239;609;630;
Bezirk Eimsbüttel;Niendorf;30649902;Briefabstimmbezirk;BRIEFABSTIMMBEZIRK;0;1351;3;1348;587;761;
Bezirk Eimsbüttel;Niendorf;30649903;Briefabstimmbezirk;BRIEFABSTIMMBEZIRK;0;1200;5;1195;524;671;
Bezirk Eimsbüttel;Schnelsen;3071;Schule Anna-Susanna-Stieg;ABSTIMMBEZIRK;7013;533;1;532;316;216;
Bezirk Eimsbüttel;Schnelsen;30719901;Briefabstimmbezirk;BRIEFABSTIMMBEZIRK;0;900;1;899;421;478;
Bezirk Eimsbüttel;Schnelsen;30719902;Briefabstimmbezirk;BRIEFABSTIMMBEZIRK;0;1120;1;1119;561;558;
Bezirk Eimsbüttel;Schnelsen;30719903;Briefabstimmbezirk;BRIEFABSTIMMBEZIRK;0;1048;0;1048;553;495;
Bezirk Eimsbüttel;Schnelsen;3072;Julius-Leber-Schule;ABSTIMMBEZIRK;6943;420;1;419;224;195;
Bezirk Eimsbüttel;Schnelsen;30729901;Briefabstimmbezirk;BRIEFABSTIMMBEZIRK;0;880;2;878;413;465;
Bezirk Eimsbüttel;Schnelsen;30729902;Briefabstimmbezirk;BRIEFABSTIMMBEZIRK;0;1156;1;1155;567;588;
Bezirk Eimsbüttel;Schnelsen;30729903;Briefabstimmbezirk;BRIEFABSTIMMBEZIRK;0;1113;0;1113;526;587;
Bezirk Eimsbüttel;Schnelsen;3073;Schule Röthmoorweg;ABSTIMMBEZIRK;7022;361;0;361;175;186;
Bezirk Eimsbüttel;Schnelsen;30739901;Briefabstimmbezirk;BRIEFABSTIMMBEZIRK;0;814;1;813;360;453;
Bezirk Eimsbüttel;Schnelsen;30739902;Briefabstimmbezirk;BRIEFABSTIMMBEZIRK;0;1051;1;1050;500;550;
Bezirk Eimsbüttel;Schnelsen;30739903;Briefabstimmbezirk;BRIEFABSTIMMBEZIRK;0;1108;2;1106;553;553;
Bezirk Eimsbüttel;Eidelstedt;3081;Schule Heidacker;ABSTIMMBEZIRK;7733;467;0;467;233;234;
Bezirk Eimsbüttel;Eidelstedt;30819901;Briefabstimmbezirk;BRIEFABSTIMMBEZIRK;0;1230;0;1230;490;740;
Bezirk Eimsbüttel;Eidelstedt;30819902;Briefabstimmbezirk;BRIEFABSTIMMBEZIRK;0;1491;2;1489;619;870;
Bezirk Eimsbüttel;Eidelstedt;3082;Stadtteilschule Eidelstedt;ABSTIMMBEZIRK;7729;490;0;490;253;237;
Bezirk Eimsbüttel;Eidelstedt;30829901;Briefabstimmbezirk;BRIEFABSTIMMBEZIRK;0;878;3;875;348;527;
Bezirk Eimsbüttel;Eidelstedt;30829902;Briefabstimmbezirk;BRIEFABSTIMMBEZIRK;0;1200;2;1198;579;619;
Bezirk Eimsbüttel;Eidelstedt;30829903;Briefabstimmbezirk;BRIEFABSTIMMBEZIRK;0;1004;2;1002;441;561;
Bezirk Eimsbüttel;Eidelstedt;3083;Gymnasium Dörpsweg;ABSTIMMBEZIRK;7902;567;0;567;254;313;
Bezirk Eimsbüttel;Eidelstedt;30839901;Briefabstimmbezirk;BRIEFABSTIMMBEZIRK;0;817;1;816;297;519;
Bezirk Eimsbüttel;Eidelstedt;30839902;Briefabstimmbezirk;BRIEFABSTIMMBEZIRK;0;1177;1;1176;551;625;
Bezirk Eimsbüttel;Eidelstedt;30839903;Briefabstimmbezirk;BRIEFABSTIMMBEZIRK;0;1129;1;1128;491;637;
Bezirk Eimsbüttel;Stellingen;3091;Rathaus Stellingen;ABSTIMMBEZIRK;9750;603;1;602;287;315;
Bezirk Eimsbüttel;Stellingen;30919901;Briefabstimmbezirk;BRIEFABSTIMMBEZIRK;0;1249;3;1246;574;672;
Bezirk Eimsbüttel;Stellingen;30919902;Briefabstimmbezirk;BRIEFABSTIMMBEZIRK;0;1600;1;1599;723;876;
Bezirk Eimsbüttel;Stellingen;30919903;Briefabstimmbezirk;BRIEFABSTIMMBEZIRK;0;1287;0;1287;537;750;
Bezirk Eimsbüttel;Stellingen;3092;Stadtteilschule Stellingen;ABSTIMMBEZIRK;9399;571;0;571;232;339;
Bezirk Eimsbüttel;Stellingen;30929901;Briefabstimmbezirk;BRIEFABSTIMMBEZIRK;0;1242;2;1240;510;730;
Bezirk Eimsbüttel;Stellingen;30929902;Briefabstimmbezirk;BRIEFABSTIMMBEZIRK;0;1600;3;1597;663;934;
Bezirk Eimsbüttel;Stellingen;30929903;Briefabstimmbezirk;BRIEFABSTIMMBEZIRK;0;1472;1;1471;554;917;
Bezirk Hamburg-Nord;Hoheluft-Ost;4011;Grund- und Stadtteilschule Eppendorf (Mensa);ABSTIMMBEZIRK;3835;306;1;305;165;140;
Bezirk Hamburg-Nord;Hoheluft-Ost;40119901;Briefabstimmbezirk;BRIEFABSTIMMBEZIRK;0;1200;2;1198;637;561;
Bezirk Hamburg-Nord;Hoheluft-Ost;40119902;Briefabstimmbezirk;BRIEFABSTIMMBEZIRK;0;799;1;798;396;402;
Bezirk Hamburg-Nord;Hoheluft-Ost;4012;Ida Ehre Schule, Oberstufenhaus;ABSTIMMBEZIRK;3827;319;1;318;157;161;
Bezirk Hamburg-Nord;Hoheluft-Ost;40129901;Briefabstimmbezirk;BRIEFABSTIMMBEZIRK;0;1200;2;1198;627;571;
Bezirk Hamburg-Nord;Hoheluft-Ost;40129902;Briefabstimmbezirk;BRIEFABSTIMMBEZIRK;0;644;2;642;348;294;
Bezirk Hamburg-Nord;Eppendorf;4021;Hamburg Service vor Ort Eppendorf;ABSTIMMBEZIRK;6432;334;1;333;169;164;
Bezirk Hamburg-Nord;Eppendorf;40219901;Briefabstimmbezirk;BRIEFABSTIMMBEZIRK;0;1200;1;1199;597;602;
Bezirk Hamburg-Nord;Eppendorf;40219902;Briefabstimmbezirk;BRIEFABSTIMMBEZIRK;0;1200;2;1198;629;569;
Bezirk Hamburg-Nord;Eppendorf;40219903;Briefabstimmbezirk;BRIEFABSTIMMBEZIRK;0;832;0;832;420;412;
Bezirk Hamburg-Nord;Eppendorf;4022;Bezirksamt Hamburg-Nord, Großer Sitzungssaal;ABSTIMMBEZIRK;6471;465;2;463;247;216;
Bezirk Hamburg-Nord;Eppendorf;40229901;Briefabstimmbezirk;BRIEFABSTIMMBEZIRK;0;1200;2;1198;647;551;
Bezirk Hamburg-Nord;Eppendorf;40229902;Briefabstimmbezirk;BRIEFABSTIMMBEZIRK;0;1200;1;1199;604;595;
Bezirk Hamburg-Nord;Eppendorf;40229903;Briefabstimmbezirk;BRIEFABSTIMMBEZIRK;0;881;0;881;478;403;
Bezirk Hamburg-Nord;Eppendorf;4023;Gymnasium Eppendorf;ABSTIMMBEZIRK;6564;515;1;514;334;180;
Bezirk Hamburg-Nord;Eppendorf;40239901;Briefabstimmbezirk;BRIEFABSTIMMBEZIRK;0;1600;1;1599;982;617;
Bezirk Hamburg-Nord;Eppendorf;40239902;Briefabstimmbezirk;BRIEFABSTIMMBEZIRK;0;1193;0;1193;705;488;
Bezirk Hamburg-Nord;Eppendorf;40239903;Briefabstimmbezirk;BRIEFABSTIMMBEZIRK;0;862;0;862;535;327;
Bezirk Hamburg-Nord;Groß Borstel;4031;Carl-Götze-Schule (Mensa);ABSTIMMBEZIRK;7235;573;0;573;297;276;
Bezirk Hamburg-Nord;Groß Borstel;40319901;Briefabstimmbezirk;BRIEFABSTIMMBEZIRK;0;1599;1;1598;825;773;
Bezirk Hamburg-Nord;Groß Borstel;40319902;Briefabstimmbezirk;BRIEFABSTIMMBEZIRK;0;1204;0;1204;569;635;
Bezirk Hamburg-Nord;Groß Borstel;40319903;Briefabstimmbezirk;BRIEFABSTIMMBEZIRK;0;660;1;659;332;327;
Bezirk Hamburg-Nord;Alsterdorf;4041;Heilwig Gymnasium (Mensa);ABSTIMMBEZIRK;5779;508;2;506;232;274;
Bezirk Hamburg-Nord;Alsterdorf;40419901;Briefabstimmbezirk;BRIEFABSTIMMBEZIRK;0;2000;3;1997;988;1009;
Bezirk Hamburg-Nord;Alsterdorf;40419902;Briefabstimmbezirk;BRIEFABSTIMMBEZIRK;0;1077;4;1073;516;557;
Bezirk Hamburg-Nord;Alsterdorf;4042;Robert-Koch-Schule;ABSTIMMBEZIRK;5798;445;0;445;238;207;
Bezirk Hamburg-Nord;Alsterdorf;40429901;Briefabstimmbezirk;BRIEFABSTIMMBEZIRK;0;1600;4;1596;833;763;
Bezirk Hamburg-Nord;Alsterdorf;40429902;Briefabstimmbezirk;BRIEFABSTIMMBEZIRK;0;1130;0;1130;557;573;
Bezirk Hamburg-Nord;Winterhude;4051;Carl-Cohn-Schule;ABSTIMMBEZIRK;7632;511;0;511;242;269;
Bezirk Hamburg-Nord;Winterhude;40519901;Briefabstimmbezirk;BRIEFABSTIMMBEZIRK;0;1600;4;1596;729;867;
Bezirk Hamburg-Nord;Winterhude;40519902;Briefabstimmbezirk;BRIEFABSTIMMBEZIRK;0;1200;0;1200;502;698;
Bezirk Hamburg-Nord;Winterhude;40519903;Briefabstimmbezirk;BRIEFABSTIMMBEZIRK;0;565;1;564;249;315;
Bezirk Hamburg-Nord;Winterhude;4052;Stadtteilschule Winterhude;ABSTIMMBEZIRK;7483;545;2;543;264;279;
Bezirk Hamburg-Nord;Winterhude;40529901;Briefabstimmbezirk;BRIEFABSTIMMBEZIRK;0;1600;2;1598;772;826;
Bezirk Hamburg-Nord;Winterhude;40529902;Briefabstimmbezirk;BRIEFABSTIMMBEZIRK;0;1600;3;1597;755;842;
Bezirk Hamburg-Nord;Winterhude;40529903;Briefabstimmbezirk;BRIEFABSTIMMBEZIRK;0;518;1;517;227;290;
Bezirk Hamburg-Nord;Winterhude;4053;Schule Forsmannstraße;ABSTIMMBEZIRK;7420;643;1;642;326;316;
Bezirk Hamburg-Nord;Winterhude;40539901;Briefabstimmbezirk;BRIEFABSTIMMBEZIRK;0;1600;1;1599;839;760;
Bezirk Hamburg-Nord;Winterhude;40539902;Briefabstimmbezirk;BRIEFABSTIMMBEZIRK;0;1600;1;1599;772;827;
Bezirk Hamburg-Nord;Winterhude;40539903;Briefabstimmbezirk;BRIEFABSTIMMBEZIRK;0;576;0;576;265;311;
Bezirk Hamburg-Nord;Winterhude;4054;Goldbek-Schule;ABSTIMMBEZIRK;7585;487;1;486;269;217;
Bezirk Hamburg-Nord;Winterhude;40549901;Briefabstimmbezirk;BRIEFABSTIMMBEZIRK;0;1600;4;1596;915;681;
Bezirk Hamburg-Nord;Winterhude;40549902;Briefabstimmbezirk;BRIEFABSTIMMBEZIRK;0;1598;1;1597;829;768;
Bezirk Hamburg-Nord;Winterhude;40549903;Briefabstimmbezirk;BRIEFABSTIMMBEZIRK;0;711;3;708;405;303;
Bezirk Hamburg-Nord;Winterhude;4055;Gelehrtenschule des Johanneums;ABSTIMMBEZIRK;7433;694;0;694;361;333;
Bezirk Hamburg-Nord;Winterhude;40559901;Briefabstimmbezirk;BRIEFABSTIMMBEZIRK;0;1600;0;1600;821;779;
Bezirk Hamburg-Nord;Winterhude;40559902;Briefabstimmbezirk;BRIEFABSTIMMBEZIRK;0;1600;1;1599;811;788;
Bezirk Hamburg-Nord;Winterhude;40559903;Briefabstimmbezirk;BRIEFABSTIMMBEZIRK;0;563;0;563;277;286;
Bezirk Hamburg-Nord;Winterhude;4056;Haus der Jugend Lattenkamp;ABSTIMMBEZIRK;7484;664;1;663;320;343;
Bezirk Hamburg-Nord;Winterhude;40569901;Briefabstimmbezirk;BRIEFABSTIMMBEZIRK;0;1600;0;1600;831;769;
Bezirk Hamburg-Nord;Winterhude;40569902;Briefabstimmbezirk;BRIEFABSTIMMBEZIRK;0;1600;0;1600;779;821;
Bezirk Hamburg-Nord;Winterhude;40569903;Briefabstimmbezirk;BRIEFABSTIMMBEZIRK;0;768;1;767;395;372;
Bezirk Hamburg-Nord;Uhlenhorst;4061;Schule auf der Uhlenhorst (Aula);ABSTIMMBEZIRK;7307;553;1;552;333;219;
Bezirk Hamburg-Nord;Uhlenhorst;40619901;Briefabstimmbezirk;BRIEFABSTIMMBEZIRK;0;1600;1;1599;937;662;
Bezirk Hamburg-Nord;Uhlenhorst;40619902;Briefabstimmbezirk;BRIEFABSTIMMBEZIRK;0;1600;0;1600;845;755;
Bezirk Hamburg-Nord;Uhlenhorst;40619903;Briefabstimmbezirk;BRIEFABSTIMMBEZIRK;0;685;0;685;372;313;
Bezirk Hamburg-Nord;Uhlenhorst;4062;Gymnasium Lerchenfeld;ABSTIMMBEZIRK;7381;625;0;625;320;305;
Bezirk Hamburg-Nord;Uhlenhorst;40629901;Briefabstimmbezirk;BRIEFABSTIMMBEZIRK;0;1600;1;1599;916;683;
Bezirk Hamburg-Nord;Uhlenhorst;40629902;Briefabstimmbezirk;BRIEFABSTIMMBEZIRK;0;1600;1;1599;852;747;
Bezirk Hamburg-Nord;Uhlenhorst;40629903;Briefabstimmbezirk;BRIEFABSTIMMBEZIRK;0;578;0;578;309;269;
Bezirk Hamburg-Nord;Hohenfelde;4071;Berufliche Schule Stahl- und Maschinenbau;ABSTIMMBEZIRK;6962;441;0;441;208;233;
Bezirk Hamburg-Nord;Hohenfelde;40719901;Briefabstimmbezirk;BRIEFABSTIMMBEZIRK;0;1199;2;1197;602;595;
Bezirk Hamburg-Nord;Hohenfelde;40719902;Briefabstimmbezirk;BRIEFABSTIMMBEZIRK;0;1200;0;1200;587;613;
Bezirk Hamburg-Nord;Hohenfelde;40719903;Briefabstimmbezirk;BRIEFABSTIMMBEZIRK;0;815;2;813;411;402;
Bezirk Hamburg-Nord;Barmbek-Süd;4081;Adolph-Schönfelder-Schule (Brucknerstraße);ABSTIMMBEZIRK;9069;626;0;626;285;341;
Bezirk Hamburg-Nord;Barmbek-Süd;40819901;Briefabstimmbezirk;BRIEFABSTIMMBEZIRK;0;1599;1;1598;670;928;
Bezirk Hamburg-Nord;Barmbek-Süd;40819902;Briefabstimmbezirk;BRIEFABSTIMMBEZIRK;0;1600;3;1597;633;964;
Bezirk Hamburg-Nord;Barmbek-Süd;40819903;Briefabstimmbezirk;BRIEFABSTIMMBEZIRK;0;835;2;833;346;487;
Bezirk Hamburg-Nord;Barmbek-Süd;4082;Schule Humboldtstraße (Kreuzbau);ABSTIMMBEZIRK;9038;670;0;670;275;395;
Bezirk Hamburg-Nord;Barmbek-Süd;40829901;Briefabstimmbezirk;BRIEFABSTIMMBEZIRK;0;1602;1;1601;678;923;
Bezirk Hamburg-Nord;Barmbek-Süd;40829902;Briefabstimmbezirk;BRIEFABSTIMMBEZIRK;0;1600;1;1599;751;848;
Bezirk Hamburg-Nord;Barmbek-Süd;40829903;Briefabstimmbezirk;BRIEFABSTIMMBEZIRK;0;783;1;782;367;415;
Bezirk Hamburg-Nord;Barmbek-Süd;4083;Adolph-Schönfelder-Schule (Zeisigstraße);ABSTIMMBEZIRK;9101;759;1;758;318;440;
Bezirk Hamburg-Nord;Barmbek-Süd;40839901;Briefabstimmbezirk;BRIEFABSTIMMBEZIRK;0;1601;1;1600;738;862;
Bezirk Hamburg-Nord;Barmbek-Süd;40839902;Briefabstimmbezirk;BRIEFABSTIMMBEZIRK;0;1600;0;1600;721;879;
Bezirk Hamburg-Nord;Barmbek-Süd;40839903;Briefabstimmbezirk;BRIEFABSTIMMBEZIRK;0;1064;0;1064;461;603;
Bezirk Hamburg-Nord;Dulsberg;4091;Grund- und Stadtteilschule Alter Teichweg;ABSTIMMBEZIRK;11430;710;0;710;291;419;
Bezirk Hamburg-Nord;Dulsberg;40919901;Briefabstimmbezirk;BRIEFABSTIMMBEZIRK;0;1600;3;1597;573;1024;
Bezirk Hamburg-Nord;Dulsberg;40919902;Briefabstimmbezirk;BRIEFABSTIMMBEZIRK;0;1600;1;1599;621;978;
Bezirk Hamburg-Nord;Dulsberg;40919903;Briefabstimmbezirk;BRIEFABSTIMMBEZIRK;0;531;1;530;192;338;
Bezirk Hamburg-Nord;Barmbek-Nord;4101;Schule Genslerstraße, Standort Fraenkelstraße;ABSTIMMBEZIRK;8114;638;2;636;261;375;
Bezirk Hamburg-Nord;Barmbek-Nord;41019901;Briefabstimmbezirk;BRIEFABSTIMMBEZIRK;0;1587;0;1587;663;924;
Bezirk Hamburg-Nord;Barmbek-Nord;41019902;Briefabstimmbezirk;BRIEFABSTIMMBEZIRK;0;1200;7;1193;508;685;
Bezirk Hamburg-Nord;Barmbek-Nord;41019903;Briefabstimmbezirk;BRIEFABSTIMMBEZIRK;0;809;1;808;331;477;
Bezirk Hamburg-Nord;Barmbek-Nord;4102;Stadtteilschule Helmuth Hübener am Langenfort;ABSTIMMBEZIRK;8160;580;0;580;209;371;
Bezirk Hamburg-Nord;Barmbek-Nord;41029901;Briefabstimmbezirk;BRIEFABSTIMMBEZIRK;0;2000;1;1999;698;1301;
Bezirk Hamburg-Nord;Barmbek-Nord;41029902;Briefabstimmbezirk;BRIEFABSTIMMBEZIRK;0;1274;2;1272;468;804;
Bezirk Hamburg-Nord;Barmbek-Nord;4103;Behördenstandort Bezirk Hamburg-Nord;ABSTIMMBEZIRK;8147;640;0;640;242;398;
Bezirk Hamburg-Nord;Barmbek-Nord;41039901;Briefabstimmbezirk;BRIEFABSTIMMBEZIRK;0;1600;2;1598;625;973;
Bezirk Hamburg-Nord;Barmbek-Nord;41039902;Briefabstimmbezirk;BRIEFABSTIMMBEZIRK;0;1600;1;1599;651;948;
Bezirk Hamburg-Nord;Barmbek-Nord;41039903;Briefabstimmbezirk;BRIEFABSTIMMBEZIRK;0;582;3;579;235;344;
Bezirk Hamburg-Nord;Barmbek-Nord;4104;Schule Lämmersieth;ABSTIMMBEZIRK;8010;551;0;551;216;335;
Bezirk Hamburg-Nord;Barmbek-Nord;41049901;Briefabstimmbezirk;BRIEFABSTIMMBEZIRK;0;2000;4;1996;799;1197;
Bezirk Hamburg-Nord;Barmbek-Nord;41049902;Briefabstimmbezirk;BRIEFABSTIMMBEZIRK;0;1302;1;1301;462;839;
Bezirk Hamburg-Nord;Ohlsdorf;4111;Albert-Schweitzer-Schule (Aula);ABSTIMMBEZIRK;6281;494;1;493;282;211;
Bezirk Hamburg-Nord;Ohlsdorf;41119901;Briefabstimmbezirk;BRIEFABSTIMMBEZIRK;0;1200;1;1199;542;657;
Bezirk Hamburg-Nord;Ohlsdorf;41119902;Briefabstimmbezirk;BRIEFABSTIMMBEZIRK;0;1596;1;1595;797;798;
Bezirk Hamburg-Nord;Ohlsdorf;41119903;Briefabstimmbezirk;BRIEFABSTIMMBEZIRK;0;571;0;571;256;315;
Bezirk Hamburg-Nord;Ohlsdorf;4112;Grundschule Ballerstaedtweg;ABSTIMMBEZIRK;6204;430;0;430;167;263;
Bezirk Hamburg-Nord;Ohlsdorf;41129901;Briefabstimmbezirk;BRIEFABSTIMMBEZIRK;0;1600;2;1598;602;996;
Bezirk Hamburg-Nord;Ohlsdorf;41129902;Briefabstimmbezirk;BRIEFABSTIMMBEZIRK;0;1174;2;1172;458;714;
Bezirk Hamburg-Nord;Fuhlsbüttel;4121;Gymnasium Alstertal (Neubau);ABSTIMMBEZIRK;9443;719;2;717;357;360;
Bezirk Hamburg-Nord;Fuhlsbüttel;41219901;Briefabstimmbezirk;BRIEFABSTIMMBEZIRK;0;1600;3;1597;701;896;
Bezirk Hamburg-Nord;Fuhlsbüttel;41219902;Briefabstimmbezirk;BRIEFABSTIMMBEZIRK;0;1200;1;1199;591;608;
Bezirk Hamburg-Nord;Fuhlsbüttel;41219903;Briefabstimmbezirk;BRIEFABSTIMMBEZIRK;0;1200;0;1200;497;703;
Bezirk Hamburg-Nord;Fuhlsbüttel;41219904;Briefabstimmbezirk;BRIEFABSTIMMBEZIRK;0;546;1;545;236;309;
Bezirk Hamburg-Nord;Langenhorn;4131;Schule Neubergerweg (Aula);ABSTIMMBEZIRK;8146;471;0;471;225;246;
Bezirk Hamburg-Nord;Langenhorn;41319901;Briefabstimmbezirk;BRIEFABSTIMMBEZIRK;0;1201;4;1197;589;608;
Bezirk Hamburg-Nord;Langenhorn;41319902;Briefabstimmbezirk;BRIEFABSTIMMBEZIRK;0;1200;1;1199;564;635;
Bezirk Hamburg-Nord;Langenhorn;41319903;Briefabstimmbezirk;BRIEFABSTIMMBEZIRK;0;730;1;729;371;358;
Bezirk Hamburg-Nord;Langenhorn;4132;Stadtteilschule Am Heidberg;ABSTIMMBEZIRK;7823;528;2;526;255;271;
Bezirk Hamburg-Nord;Langenhorn;41329901;Briefabstimmbezirk;BRIEFABSTIMMBEZIRK;0;1600;5;1595;841;754;
Bezirk Hamburg-Nord;Langenhorn;41329902;Briefabstimmbezirk;BRIEFABSTIMMBEZIRK;0;1199;3;1196;520;676;
Bezirk Hamburg-Nord;Langenhorn;41329903;Briefabstimmbezirk;BRIEFABSTIMMBEZIRK;0;485;1;484;204;280;
Bezirk Hamburg-Nord;Langenhorn;4133;Astrid Lindgren Grundschule (Mensa);ABSTIMMBEZIRK;8070;511;2;509;246;263;
Bezirk Hamburg-Nord;Langenhorn;41339901;Briefabstimmbezirk;BRIEFABSTIMMBEZIRK;0;1600;1;1599;723;876;
Bezirk Hamburg-Nord;Langenhorn;41339902;Briefabstimmbezirk;BRIEFABSTIMMBEZIRK;0;1200;1;1199;520;679;
Bezirk Hamburg-Nord;Langenhorn;41339903;Briefabstimmbezirk;BRIEFABSTIMMBEZIRK;0;660;0;660;301;359;
Bezirk Hamburg-Nord;Langenhorn;4134;Gymnasium Langenhorn;ABSTIMMBEZIRK;8238;412;2;410;181;229;
Bezirk Hamburg-Nord;Langenhorn;41349901;Briefabstimmbezirk;BRIEFABSTIMMBEZIRK;0;1600;4;1596;723;873;
Bezirk Hamburg-Nord;Langenhorn;41349902;Briefabstimmbezirk;BRIEFABSTIMMBEZIRK;0;1200;2;1198;504;694;
Bezirk Hamburg-Nord;Langenhorn;41349903;Briefabstimmbezirk;BRIEFABSTIMMBEZIRK;0;444;2;442;191;251;
Bezirk Wandsbek;Eilbek;5011;Schule Richardstraße;ABSTIMMBEZIRK;8012;687;3;684;298;386;
Bezirk Wandsbek;Eilbek;50119901;Briefabstimmbezirk;BRIEFABSTIMMBEZIRK;0;1313;2;1311;604;707;
Bezirk Wandsbek;Eilbek;50119902;Briefabstimmbezirk;BRIEFABSTIMMBEZIRK;0;1200;1;1199;494;705;
Bezirk Wandsbek;Eilbek;50119903;Briefabstimmbezirk;BRIEFABSTIMMBEZIRK;0;1201;3;1198;537;661;
Bezirk Wandsbek;Eilbek;5012;Schule Wielandstraße;ABSTIMMBEZIRK;8121;613;1;612;243;369;
Bezirk Wandsbek;Eilbek;50129901;Briefabstimmbezirk;BRIEFABSTIMMBEZIRK;0;1122;1;1121;438;683;
Bezirk Wandsbek;Eilbek;50129902;Briefabstimmbezirk;BRIEFABSTIMMBEZIRK;0;1200;1;1199;505;694;
Bezirk Wandsbek;Eilbek;50129903;Briefabstimmbezirk;BRIEFABSTIMMBEZIRK;0;1200;1;1199;517;682;
Bezirk Wandsbek;Wandsbek;5021;Schule An der Gartenstadt;ABSTIMMBEZIRK;8590;451;1;450;186;264;
Bezirk Wandsbek;Wandsbek;50219901;Briefabstimmbezirk;BRIEFABSTIMMBEZIRK;0;862;7;855;338;517;
Bezirk Wandsbek;Wandsbek;50219902;Briefabstimmbezirk;BRIEFABSTIMMBEZIRK;0;1401;1;1400;524;876;
Bezirk Wandsbek;Wandsbek;50219903;Briefabstimmbezirk;BRIEFABSTIMMBEZIRK;0;1400;3;1397;567;830;
Bezirk Wandsbek;Wandsbek;5022;Schule am Eichtalpark;ABSTIMMBEZIRK;8757;530;1;529;247;282;
Bezirk Wandsbek;Wandsbek;50229901;Briefabstimmbezirk;BRIEFABSTIMMBEZIRK;0;1024;1;1023;433;590;
Bezirk Wandsbek;Wandsbek;50229902;Briefabstimmbezirk;BRIEFABSTIMMBEZIRK;0;1100;2;1098;462;636;
Bezirk Wandsbek;Wandsbek;50229903;Briefabstimmbezirk;BRIEFABSTIMMBEZIRK;0;1137;0;1137;465;672;
Bezirk Wandsbek;Wandsbek;5023;Schule Bandwirkerstraße;ABSTIMMBEZIRK;8592;584;3;581;237;344;
Bezirk Wandsbek;Wandsbek;50239901;Briefabstimmbezirk;BRIEFABSTIMMBEZIRK;0;1178;0;1178;463;715;
Bezirk Wandsbek;Wandsbek;50239902;Briefabstimmbezirk;BRIEFABSTIMMBEZIRK;0;1200;1;1199;495;704;
Bezirk Wandsbek;Wandsbek;50239903;Briefabstimmbezirk;BRIEFABSTIMMBEZIRK;0;1200;5;1195;524;671;
Bezirk Wandsbek;Marienthal;5031;Bezirksamt Wandsbek;ABSTIMMBEZIRK;9604;511;1;510;247;263;
Bezirk Wandsbek;Marienthal;50319901;Briefabstimmbezirk;BRIEFABSTIMMBEZIRK;0;1160;1;1159;610;549;
Bezirk Wandsbek;Marienthal;50319902;Briefabstimmbezirk;BRIEFABSTIMMBEZIRK;0;1200;0;1200;589;611;
Bezirk Wandsbek;Marienthal;50319903;Briefabstimmbezirk;BRIEFABSTIMMBEZIRK;0;1200;2;1198;623;575;
Bezirk Wandsbek;Marienthal;50319904;Briefabstimmbezirk;BRIEFABSTIMMBEZIRK;0;1200;1;1199;616;583;
Bezirk Wandsbek;Jenfeld;5041;Schule Jenfelder Straße;ABSTIMMBEZIRK;8352;256;1;255;116;139;
Bezirk Wandsbek;Jenfeld;50419901;Briefabstimmbezirk;BRIEFABSTIMMBEZIRK;0;967;3;964;466;498;
Bezirk Wandsbek;Jenfeld;50419902;Briefabstimmbezirk;BRIEFABSTIMMBEZIRK;0;951;1;950;414;536;
Bezirk Wandsbek;Jenfeld;5042;Max-Schmeling Stadtteilschule;ABSTIMMBEZIRK;8067;289;0;289;114;175;
Bezirk Wandsbek;Jenfeld;50429901;Briefabstimmbezirk;BRIEFABSTIMMBEZIRK;0;1107;0;1107;477;630;
Bezirk Wandsbek;Jenfeld;50429902;Briefabstimmbezirk;BRIEFABSTIMMBEZIRK;0;1200;1;1199;559;640;
Bezirk Wandsbek;Tonndorf;5051;Grundschule Tonndorf;ABSTIMMBEZIRK;9969;398;1;397;185;212;
Bezirk Wandsbek;Tonndorf;50519901;Briefabstimmbezirk;BRIEFABSTIMMBEZIRK;0;1240;1;1239;554;685;
Bezirk Wandsbek;Tonndorf;50519902;Briefabstimmbezirk;BRIEFABSTIMMBEZIRK;0;1257;3;1254;533;721;
Bezirk Wandsbek;Tonndorf;50519903;Briefabstimmbezirk;BRIEFABSTIMMBEZIRK;0;1200;0;1200;521;679;
Bezirk Wandsbek;Farmsen-Berne;5061;Berner Schloss;ABSTIMMBEZIRK;8881;549;1;548;271;277;
Bezirk Wandsbek;Farmsen-Berne;50619901;Briefabstimmbezirk;BRIEFABSTIMMBEZIRK;0;1198;3;1195;499;696;
Bezirk Wandsbek;Farmsen-Berne;50619902;Briefabstimmbezirk;BRIEFABSTIMMBEZIRK;0;1200;0;1200;534;666;
Bezirk Wandsbek;Farmsen-Berne;50619903;Briefabstimmbezirk;BRIEFABSTIMMBEZIRK;0;1200;2;1198;562;636;
Bezirk Wandsbek;Farmsen-Berne;5062;Gymnasium Farmsen;ABSTIMMBEZIRK;8661;410;1;409;182;227;
Bezirk Wandsbek;Farmsen-Berne;50629901;Briefabstimmbezirk;BRIEFABSTIMMBEZIRK;0;961;0;961;402;559;
Bezirk Wandsbek;Farmsen-Berne;50629902;Briefabstimmbezirk;BRIEFABSTIMMBEZIRK;0;1200;2;1198;481;717;
Bezirk Wandsbek;Farmsen-Berne;50629903;Briefabstimmbezirk;BRIEFABSTIMMBEZIRK;0;870;0;870;366;504;
Bezirk Wandsbek;Farmsen-Berne;5063;Grundschule Traberweg;ABSTIMMBEZIRK;8796;575;1;574;271;303;
Bezirk Wandsbek;Farmsen-Berne;50639901;Briefabstimmbezirk;BRIEFABSTIMMBEZIRK;0;1217;0;1217;559;658;
Bezirk Wandsbek;Farmsen-Berne;50639902;Briefabstimmbezirk;BRIEFABSTIMMBEZIRK;0;1289;1;1288;505;783;
Bezirk Wandsbek;Farmsen-Berne;50639903;Briefabstimmbezirk;BRIEFABSTIMMBEZIRK;0;1200;0;1200;515;685;
Bezirk Wandsbek;Bramfeld;5071;Grundschule am Gut;ABSTIMMBEZIRK;9311;448;0;448;237;211;
Bezirk Wandsbek;Bramfeld;50719901;Briefabstimmbezirk;BRIEFABSTIMMBEZIRK;0;851;0;851;368;483;
Bezirk Wandsbek;Bramfeld;50719902;Briefabstimmbezirk;BRIEFABSTIMMBEZIRK;0;1200;1;1199;544;655;
Bezirk Wandsbek;Bramfeld;50719903;Briefabstimmbezirk;BRIEFABSTIMMBEZIRK;0;1200;1;1199;534;665;
Bezirk Wandsbek;Bramfeld;50719904;Briefabstimmbezirk;BRIEFABSTIMMBEZIRK;0;1171;2;1169;536;633;
Bezirk Wandsbek;Bramfeld;5072;Schule Fahrenkrön;ABSTIMMBEZIRK;9510;542;0;542;252;290;
Bezirk Wandsbek;Bramfeld;50729901;Briefabstimmbezirk;BRIEFABSTIMMBEZIRK;0;878;0;878;348;530;
Bezirk Wandsbek;Bramfeld;50729902;Briefabstimmbezirk;BRIEFABSTIMMBEZIRK;0;1200;0;1200;495;705;
Bezirk Wandsbek;Bramfeld;50729903;Briefabstimmbezirk;BRIEFABSTIMMBEZIRK;0;1200;3;1197;526;671;
Bezirk Wandsbek;Bramfeld;50729904;Briefabstimmbezirk;BRIEFABSTIMMBEZIRK;0;920;1;919;416;503;
Bezirk Wandsbek;Bramfeld;5073;Schule Fabriciusstraße;ABSTIMMBEZIRK;9405;392;0;392;183;209;
Bezirk Wandsbek;Bramfeld;50739901;Briefabstimmbezirk;BRIEFABSTIMMBEZIRK;0;1150;0;1150;478;672;
Bezirk Wandsbek;Bramfeld;50739902;Briefabstimmbezirk;BRIEFABSTIMMBEZIRK;0;1200;1;1199;455;744;
Bezirk Wandsbek;Bramfeld;50739903;Briefabstimmbezirk;BRIEFABSTIMMBEZIRK;0;1200;0;1200;465;735;
Bezirk Wandsbek;Bramfeld;5074;Schule Heinrich-Helbing-Straße;ABSTIMMBEZIRK;9535;516;0;516;181;335;
Bezirk Wandsbek;Bramfeld;50749901;Briefabstimmbezirk;BRIEFABSTIMMBEZIRK;0;1229;4;1225;489;736;
Bezirk Wandsbek;Bramfeld;50749902;Briefabstimmbezirk;BRIEFABSTIMMBEZIRK;0;1330;3;1327;498;829;
Bezirk Wandsbek;Bramfeld;50749903;Briefabstimmbezirk;BRIEFABSTIMMBEZIRK;0;1200;0;1200;481;719;
Bezirk Wandsbek;Steilshoop;5081;Schule am See;ABSTIMMBEZIRK;11434;444;0;444;189;255;
Bezirk Wandsbek;Steilshoop;50819901;Briefabstimmbezirk;BRIEFABSTIMMBEZIRK;0;1060;1;1059;368;691;
Bezirk Wandsbek;Steilshoop;50819902;Briefabstimmbezirk;BRIEFABSTIMMBEZIRK;0;1200;0;1200;430;770;
Bezirk Wandsbek;Steilshoop;50819903;Briefabstimmbezirk;BRIEFABSTIMMBEZIRK;0;1200;1;1199;459;740;
Bezirk Wandsbek;Wellingsbüttel;5091;Schule Strenge;ABSTIMMBEZIRK;8345;568;0;568;346;222;
Bezirk Wandsbek;Wellingsbüttel;50919901;Briefabstimmbezirk;BRIEFABSTIMMBEZIRK;0;1207;2;1205;732;473;
Bezirk Wandsbek;Wellingsbüttel;50919902;Briefabstimmbezirk;BRIEFABSTIMMBEZIRK;0;1200;1;1199;639;560;
Bezirk Wandsbek;Wellingsbüttel;50919903;Briefabstimmbezirk;BRIEFABSTIMMBEZIRK;0;1202;4;1198;610;588;
Bezirk Wandsbek;Wellingsbüttel;50919904;Briefabstimmbezirk;BRIEFABSTIMMBEZIRK;0;1200;1;1199;750;449;
Bezirk Wandsbek;Sasel;5101;GOA Gymnasium Oberalster;ABSTIMMBEZIRK;6262;472;2;470;271;199;
Bezirk Wandsbek;Sasel;51019901;Briefabstimmbezirk;BRIEFABSTIMMBEZIRK;0;1023;0;1023;542;481;
Bezirk Wandsbek;Sasel;51019902;Briefabstimmbezirk;BRIEFABSTIMMBEZIRK;0;1200;1;1199;673;526;
Bezirk Wandsbek;Sasel;51019903;Briefabstimmbezirk;BRIEFABSTIMMBEZIRK;0;1200;1;1199;645;554;
Bezirk Wandsbek;Sasel;5102;Schule Redder;ABSTIMMBEZIRK;6241;518;1;517;305;212;
Bezirk Wandsbek;Sasel;51029901;Briefabstimmbezirk;BRIEFABSTIMMBEZIRK;0;1098;0;1098;537;561;
Bezirk Wandsbek;Sasel;51029902;Briefabstimmbezirk;BRIEFABSTIMMBEZIRK;0;1200;1;1199;639;560;
Bezirk Wandsbek;Sasel;51029903;Briefabstimmbezirk;BRIEFABSTIMMBEZIRK;0;1200;0;1200;719;481;
Bezirk Wandsbek;Sasel;5103;Grundschule Hasenweg;ABSTIMMBEZIRK;6288;586;1;585;382;203;
Bezirk Wandsbek;Sasel;51039901;Briefabstimmbezirk;BRIEFABSTIMMBEZIRK;0;1162;0;1162;599;563;
Bezirk Wandsbek;Sasel;51039902;Briefabstimmbezirk;BRIEFABSTIMMBEZIRK;0;1199;1;1198;638;560;
Bezirk Wandsbek;Sasel;51039903;Briefabstimmbezirk;BRIEFABSTIMMBEZIRK;0;1200;2;1198;699;499;
Bezirk Wandsbek;Poppenbüttel;5111;Heinrich-Heine-Gymnasium;ABSTIMMBEZIRK;9285;774;0;774;418;356;
Bezirk Wandsbek;Poppenbüttel;51119901;Briefabstimmbezirk;BRIEFABSTIMMBEZIRK;0;1190;1;1189;607;582;
Bezirk Wandsbek;Poppenbüttel;51119902;Briefabstimmbezirk;BRIEFABSTIMMBEZIRK;0;1199;1;1198;616;582;
Bezirk Wandsbek;Poppenbüttel;51119903;Briefabstimmbezirk;BRIEFABSTIMMBEZIRK;0;1200;0;1200;650;550;
Bezirk Wandsbek;Poppenbüttel;51119904;Briefabstimmbezirk;BRIEFABSTIMMBEZIRK;0;1200;2;1198;670;528;
Bezirk Wandsbek;Poppenbüttel;5112;Grundschule Müssenredder;ABSTIMMBEZIRK;9237;425;0;425;257;168;
Bezirk Wandsbek;Poppenbüttel;51129901;Briefabstimmbezirk;BRIEFABSTIMMBEZIRK;0;1061;1;1060;526;534;
Bezirk Wandsbek;Poppenbüttel;51129902;Briefabstimmbezirk;BRIEFABSTIMMBEZIRK;0;1200;0;1200;568;632;
Bezirk Wandsbek;Poppenbüttel;51129903;Briefabstimmbezirk;BRIEFABSTIMMBEZIRK;0;1202;1;1201;672;529;
Bezirk Wandsbek;Poppenbüttel;51129904;Briefabstimmbezirk;BRIEFABSTIMMBEZIRK;0;1199;0;1199;707;492;
Bezirk Wandsbek;Hummelsbüttel;5121;Stadtteilschule Poppenbüttel;ABSTIMMBEZIRK;6298;291;0;291;157;134;
Bezirk Wandsbek;Hummelsbüttel;51219901;Briefabstimmbezirk;BRIEFABSTIMMBEZIRK;0;1201;1;1200;582;618;
Bezirk Wandsbek;Hummelsbüttel;51219902;Briefabstimmbezirk;BRIEFABSTIMMBEZIRK;0;1405;1;1404;633;771;
Bezirk Wandsbek;Hummelsbüttel;5122;Schule Grützmühlenweg;ABSTIMMBEZIRK;6345;337;1;336;160;176;
Bezirk Wandsbek;Hummelsbüttel;51229901;Briefabstimmbezirk;BRIEFABSTIMMBEZIRK;0;949;1;948;454;494;
Bezirk Wandsbek;Hummelsbüttel;51229902;Briefabstimmbezirk;BRIEFABSTIMMBEZIRK;0;1200;5;1195;551;644;
Bezirk Wandsbek;Hummelsbüttel;51229903;Briefabstimmbezirk;BRIEFABSTIMMBEZIRK;0;800;0;800;420;380;
Bezirk Wandsbek;Lemsahl-Mellingstedt;5131;Schule Lemsahl-Mellingstedt;ABSTIMMBEZIRK;5292;377;0;377;238;139;
Bezirk Wandsbek;Lemsahl-Mellingstedt;51319901;Briefabstimmbezirk;BRIEFABSTIMMBEZIRK;0;961;0;961;532;429;
Bezirk Wandsbek;Lemsahl-Mellingstedt;51319902;Briefabstimmbezirk;BRIEFABSTIMMBEZIRK;0;1050;4;1046;554;492;
Bezirk Wandsbek;Lemsahl-Mellingstedt;51319903;Briefabstimmbezirk;BRIEFABSTIMMBEZIRK;0;1056;3;1053;640;413;
Bezirk Wandsbek;Duvenstedt;5141;Schule Duvenstedter Markt;ABSTIMMBEZIRK;4462;342;0;342;200;142;
Bezirk Wandsbek;Duvenstedt;51419901;Briefabstimmbezirk;BRIEFABSTIMMBEZIRK;0;1182;1;1181;637;544;
Bezirk Wandsbek;Duvenstedt;51419902;Briefabstimmbezirk;BRIEFABSTIMMBEZIRK;0;1200;2;1198;654;544;
Bezirk Wandsbek;Wohldorf-Ohlstedt;5151;Gymnasium Ohlstedt;ABSTIMMBEZIRK;3622;280;0;280;160;120;
Bezirk Wandsbek;Wohldorf-Ohlstedt;51519901;Briefabstimmbezirk;BRIEFABSTIMMBEZIRK;0;873;2;871;462;409;
Bezirk Wandsbek;Wohldorf-Ohlstedt;51519902;Briefabstimmbezirk;BRIEFABSTIMMBEZIRK;0;1200;2;1198;711;487;
Bezirk Wandsbek;Bergstedt;5161;Stadtteilschule Bergstedt;ABSTIMMBEZIRK;7976;608;1;607;351;256;
Bezirk Wandsbek;Bergstedt;51619901;Briefabstimmbezirk;BRIEFABSTIMMBEZIRK;0;875;1;874;369;505;
Bezirk Wandsbek;Bergstedt;51619902;Briefabstimmbezirk;BRIEFABSTIMMBEZIRK;0;1200;1;1199;621;578;
Bezirk Wandsbek;Bergstedt;51619903;Briefabstimmbezirk;BRIEFABSTIMMBEZIRK;0;1198;0;1198;661;537;
Bezirk Wandsbek;Bergstedt;51619904;Briefabstimmbezirk;BRIEFABSTIMMBEZIRK;0;1180;3;1177;651;526;
Bezirk Wandsbek;Volksdorf;5171;Schule Buckhorn;ABSTIMMBEZIRK;5182;405;0;405;210;195;
Bezirk Wandsbek;Volksdorf;51719901;Briefabstimmbezirk;BRIEFABSTIMMBEZIRK;0;829;0;829;384;445;
Bezirk Wandsbek;Volksdorf;51719902;Briefabstimmbezirk;BRIEFABSTIMMBEZIRK;0;1200;0;1200;583;617;
Bezirk Wandsbek;Volksdorf;51719903;Briefabstimmbezirk;BRIEFABSTIMMBEZIRK;0;939;1;938;513;425;
Bezirk Wandsbek;Volksdorf;5172;Stadtteilschule Walddörfer;ABSTIMMBEZIRK;5255;451;1;450;250;200;
Bezirk Wandsbek;Volksdorf;51729901;Briefabstimmbezirk;BRIEFABSTIMMBEZIRK;0;814;2;812;401;411;
Bezirk Wandsbek;Volksdorf;51729902;Briefabstimmbezirk;BRIEFABSTIMMBEZIRK;0;1202;2;1200;646;554;
Bezirk Wandsbek;Volksdorf;51729903;Briefabstimmbezirk;BRIEFABSTIMMBEZIRK;0;859;3;856;507;349;
Bezirk Wandsbek;Volksdorf;5173;Schule Eulenkrugstraße;ABSTIMMBEZIRK;5169;407;0;407;247;160;
Bezirk Wandsbek;Volksdorf;51739901;Briefabstimmbezirk;BRIEFABSTIMMBEZIRK;0;817;0;817;424;393;
Bezirk Wandsbek;Volksdorf;51739902;Briefabstimmbezirk;BRIEFABSTIMMBEZIRK;0;1200;1;1199;666;533;
Bezirk Wandsbek;Volksdorf;51739903;Briefabstimmbezirk;BRIEFABSTIMMBEZIRK;0;975;1;974;567;407;
Bezirk Wandsbek;Rahlstedt;5181;Schule Wildschwanbrook;ABSTIMMBEZIRK;7320;362;0;362;164;198;
Bezirk Wandsbek;Rahlstedt;51819901;Briefabstimmbezirk;BRIEFABSTIMMBEZIRK;0;1426;1;1425;658;767;
Bezirk Wandsbek;Rahlstedt;51819902;Briefabstimmbezirk;BRIEFABSTIMMBEZIRK;0;1422;1;1421;656;765;
Bezirk Wandsbek;Rahlstedt;5182;Schule Großlohering;ABSTIMMBEZIRK;4948;258;2;256;132;124;
Bezirk Wandsbek;Rahlstedt;51829901;Briefabstimmbezirk;BRIEFABSTIMMBEZIRK;0;1388;1;1387;615;772;
Bezirk Wandsbek;Rahlstedt;5183;Schule Potsdamer Straße;ABSTIMMBEZIRK;10908;364;2;362;156;206;
Bezirk Wandsbek;Rahlstedt;51839901;Briefabstimmbezirk;BRIEFABSTIMMBEZIRK;0;1126;1;1125;494;631;
Bezirk Wandsbek;Rahlstedt;51839902;Briefabstimmbezirk;BRIEFABSTIMMBEZIRK;0;1200;1;1199;473;726;
Bezirk Wandsbek;Rahlstedt;51839903;Briefabstimmbezirk;BRIEFABSTIMMBEZIRK;0;1200;1;1199;473;726;
Bezirk Wandsbek;Rahlstedt;5184;Grund- und Stadtteilschule Altrahlstedt;ABSTIMMBEZIRK;8799;482;0;482;248;234;
Bezirk Wandsbek;Rahlstedt;51849901;Briefabstimmbezirk;BRIEFABSTIMMBEZIRK;0;1025;2;1023;458;565;
Bezirk Wandsbek;Rahlstedt;51849902;Briefabstimmbezirk;BRIEFABSTIMMBEZIRK;0;1050;2;1048;481;567;
Bezirk Wandsbek;Rahlstedt;51849903;Briefabstimmbezirk;BRIEFABSTIMMBEZIRK;0;1050;1;1049;519;530;
Bezirk Wandsbek;Rahlstedt;51849904;Briefabstimmbezirk;BRIEFABSTIMMBEZIRK;0;958;0;958;479;479;
Bezirk Wandsbek;Rahlstedt;5185;Schule Rahlstedter Höhe;ABSTIMMBEZIRK;8431;453;2;451;171;280;
Bezirk Wandsbek;Rahlstedt;51859901;Briefabstimmbezirk;BRIEFABSTIMMBEZIRK;0;967;0;967;395;572;
Bezirk Wandsbek;Rahlstedt;51859902;Briefabstimmbezirk;BRIEFABSTIMMBEZIRK;0;1200;1;1199;467;732;
Bezirk Wandsbek;Rahlstedt;51859903;Briefabstimmbezirk;BRIEFABSTIMMBEZIRK;0;1200;1;1199;523;676;
Bezirk Wandsbek;Rahlstedt;5186;Schule Nydamer Weg;ABSTIMMBEZIRK;7494;469;0;469;226;243;
Bezirk Wandsbek;Rahlstedt;51869901;Briefabstimmbezirk;BRIEFABSTIMMBEZIRK;0;828;0;828;391;437;
Bezirk Wandsbek;Rahlstedt;51869902;Briefabstimmbezirk;BRIEFABSTIMMBEZIRK;0;1200;2;1198;561;637;
Bezirk Wandsbek;Rahlstedt;51869903;Briefabstimmbezirk;BRIEFABSTIMMBEZIRK;0;1202;2;1200;603;597;
Bezirk Wandsbek;Rahlstedt;5187;Schule Bekassinenau;ABSTIMMBEZIRK;8333;483;0;483;210;273;
Bezirk Wandsbek;Rahlstedt;51879901;Briefabstimmbezirk;BRIEFABSTIMMBEZIRK;0;1230;1;1229;548;681;
Bezirk Wandsbek;Rahlstedt;51879902;Briefabstimmbezirk;BRIEFABSTIMMBEZIRK;0;1200;6;1194;516;678;
Bezirk Wandsbek;Rahlstedt;51879903;Briefabstimmbezirk;BRIEFABSTIMMBEZIRK;0;1200;1;1199;573;626;
Bezirk Wandsbek;Rahlstedt;5188;Grundschule Islandstraße;ABSTIMMBEZIRK;7561;493;0;493;238;255;
Bezirk Wandsbek;Rahlstedt;51889901;Briefabstimmbezirk;BRIEFABSTIMMBEZIRK;0;1135;1;1134;534;600;
Bezirk Wandsbek;Rahlstedt;51889902;Briefabstimmbezirk;BRIEFABSTIMMBEZIRK;0;1200;3;1197;535;662;
Bezirk Wandsbek;Rahlstedt;51889903;Briefabstimmbezirk;BRIEFABSTIMMBEZIRK;0;1200;3;1197;580;617;
Bezirk Bergedorf;Lohbrügge;6011;Stadtteilschule Lohbrügge;ABSTIMMBEZIRK;9975;452;0;452;194;258;
Bezirk Bergedorf;Lohbrügge;60119901;Briefabstimmbezirk;BRIEFABSTIMMBEZIRK;0;1129;0;1129;472;657;
Bezirk Bergedorf;Lohbrügge;60119902;Briefabstimmbezirk;BRIEFABSTIMMBEZIRK;0;1100;2;1098;479;619;
Bezirk Bergedorf;Lohbrügge;60119903;Briefabstimmbezirk;BRIEFABSTIMMBEZIRK;0;1049;2;1047;439;608;
Bezirk Bergedorf;Lohbrügge;6012;Schule Leuschnerstraße;ABSTIMMBEZIRK;6570;403;2;401;139;262;
Bezirk Bergedorf;Lohbrügge;60129901;Briefabstimmbezirk;BRIEFABSTIMMBEZIRK;0;1103;4;1099;442;657;
Bezirk Bergedorf;Lohbrügge;60129902;Briefabstimmbezirk;BRIEFABSTIMMBEZIRK;0;1055;1;1054;451;603;
Bezirk Bergedorf;Lohbrügge;6013;Schule Richard-Linde-Weg;ABSTIMMBEZIRK;8430;409;0;409;168;241;
Bezirk Bergedorf;Lohbrügge;60139901;Briefabstimmbezirk;BRIEFABSTIMMBEZIRK;0;1000;3;997;394;603;
Bezirk Bergedorf;Lohbrügge;60139902;Briefabstimmbezirk;BRIEFABSTIMMBEZIRK;0;1000;0;1000;382;618;
Bezirk Bergedorf;Lohbrügge;60139903;Briefabstimmbezirk;BRIEFABSTIMMBEZIRK;0;1020;2;1018;447;571;
Bezirk Bergedorf;Lohbrügge;6014;Schule Heidhorst;ABSTIMMBEZIRK;3852;263;1;262;139;123;
Bezirk Bergedorf;Lohbrügge;60149901;Briefabstimmbezirk;BRIEFABSTIMMBEZIRK;0;800;0;800;377;423;
Bezirk Bergedorf;Lohbrügge;60149902;Briefabstimmbezirk;BRIEFABSTIMMBEZIRK;0;716;1;715;393;322;
Bezirk Bergedorf;Bergedorf;6021;Rathaus Bergedorf;ABSTIMMBEZIRK;6341;436;2;434;232;202;
Bezirk Bergedorf;Bergedorf;60219901;Briefabstimmbezirk;BRIEFABSTIMMBEZIRK;0;1000;0;1000;482;518;
Bezirk Bergedorf;Bergedorf;60219902;Briefabstimmbezirk;BRIEFABSTIMMBEZIRK;0;1000;0;1000;487;513;
Bezirk Bergedorf;Bergedorf;60219903;Briefabstimmbezirk;BRIEFABSTIMMBEZIRK;0;1123;3;1120;608;512;
Bezirk Bergedorf;Bergedorf;6022;Körberhaus;ABSTIMMBEZIRK;8236;474;0;474;206;268;
Bezirk Bergedorf;Bergedorf;60229901;Briefabstimmbezirk;BRIEFABSTIMMBEZIRK;0;1100;2;1098;414;684;
Bezirk Bergedorf;Bergedorf;60229902;Briefabstimmbezirk;BRIEFABSTIMMBEZIRK;0;1100;1;1099;449;650;
Bezirk Bergedorf;Bergedorf;60229903;Briefabstimmbezirk;BRIEFABSTIMMBEZIRK;0;1009;1;1008;428;580;
Bezirk Bergedorf;Bergedorf;6023;Schule Nettelnburg;ABSTIMMBEZIRK;10549;615;1;614;309;305;
Bezirk Bergedorf;Bergedorf;60239901;Briefabstimmbezirk;BRIEFABSTIMMBEZIRK;0;1000;1;999;424;575;
Bezirk Bergedorf;Bergedorf;60239902;Briefabstimmbezirk;BRIEFABSTIMMBEZIRK;0;1000;0;1000;426;574;
Bezirk Bergedorf;Bergedorf;60239903;Briefabstimmbezirk;BRIEFABSTIMMBEZIRK;0;1000;1;999;435;564;
Bezirk Bergedorf;Bergedorf;60239904;Briefabstimmbezirk;BRIEFABSTIMMBEZIRK;0;950;4;946;459;487;
Bezirk Bergedorf;Curslack;6031;Schule Curslack-Neuengamme;ABSTIMMBEZIRK;2756;212;0;212;111;101;
Bezirk Bergedorf;Curslack;60319901;Briefabstimmbezirk;BRIEFABSTIMMBEZIRK;0;1332;1;1331;710;621;
Bezirk Bergedorf;Altengamme;6041;Schule Altengamme-Deich;ABSTIMMBEZIRK;1748;128;1;127;68;59;
Bezirk Bergedorf;Altengamme;60419901;Briefabstimmbezirk;BRIEFABSTIMMBEZIRK;0;850;0;850;427;423;
Bezirk Bergedorf;Neuengamme;6051;Freiwillige Feuerwehr Neuengamme;ABSTIMMBEZIRK;2914;211;0;211;90;121;
Bezirk Bergedorf;Neuengamme;60519901;Briefabstimmbezirk;BRIEFABSTIMMBEZIRK;0;800;3;797;320;477;
Bezirk Bergedorf;Neuengamme;60519902;Briefabstimmbezirk;BRIEFABSTIMMBEZIRK;0;633;3;630;309;321;
Bezirk Bergedorf;Kirchwerder;6061;Stadtteilschule Kirchwerder;ABSTIMMBEZIRK;7910;445;1;444;215;229;
Bezirk Bergedorf;Kirchwerder;60619901;Briefabstimmbezirk;BRIEFABSTIMMBEZIRK;0;1021;3;1018;504;514;
Bezirk Bergedorf;Kirchwerder;60619902;Briefabstimmbezirk;BRIEFABSTIMMBEZIRK;0;1000;2;998;440;558;
Bezirk Bergedorf;Kirchwerder;60619903;Briefabstimmbezirk;BRIEFABSTIMMBEZIRK;0;1000;2;998;472;526;
Bezirk Bergedorf;Kirchwerder;60619904;Briefabstimmbezirk;BRIEFABSTIMMBEZIRK;0;1047;1;1046;517;529;
Bezirk Bergedorf;Ochsenwerder;6071;Schule Ochsenwerder;ABSTIMMBEZIRK;2236;241;0;241;133;108;
Bezirk Bergedorf;Ochsenwerder;60719901;Briefabstimmbezirk;BRIEFABSTIMMBEZIRK;0;1141;2;1139;513;626;
Bezirk Bergedorf;Reitbrook/Allermöhe/Billwerder/Moorfleet/Tatenberg/Spadenland;6081;Schule Mittlerer Landweg;ABSTIMMBEZIRK;4648;198;0;198;94;104;
Bezirk Bergedorf;Reitbrook/Allermöhe/Billwerder/Moorfleet/Tatenberg/Spadenland;60819901;Briefabstimmbezirk;BRIEFABSTIMMBEZIRK;0;1041;2;1039;407;632;
Bezirk Bergedorf;Reitbrook/Allermöhe/Billwerder/Moorfleet/Tatenberg/Spadenland;60819902;Briefabstimmbezirk;BRIEFABSTIMMBEZIRK;0;1030;7;1023;429;594;
Bezirk Bergedorf;Neuallermöhe;6141;Gretel-Bergmann-Schule;ABSTIMMBEZIRK;8470;378;0;378;164;214;
Bezirk Bergedorf;Neuallermöhe;61419901;Briefabstimmbezirk;BRIEFABSTIMMBEZIRK;0;1015;1;1014;453;561;
Bezirk Bergedorf;Neuallermöhe;61419902;Briefabstimmbezirk;BRIEFABSTIMMBEZIRK;0;1053;2;1051;500;551;
Bezirk Bergedorf;Neuallermöhe;6142;Anton-Rée-Schule Allermöhe;ABSTIMMBEZIRK;6486;351;0;351;183;168;
Bezirk Bergedorf;Neuallermöhe;61429901;Briefabstimmbezirk;BRIEFABSTIMMBEZIRK;0;1045;0;1045;463;582;
Bezirk Bergedorf;Neuallermöhe;61429902;Briefabstimmbezirk;BRIEFABSTIMMBEZIRK;0;1135;1;1134;492;642;
Bezirk Harburg;Harburg;7011;Bezirksamt Harburg, SDZ;ABSTIMMBEZIRK;12403;509;0;509;176;333;
Bezirk Harburg;Harburg;70119901;Briefabstimmbezirk;BRIEFABSTIMMBEZIRK;0;800;3;797;302;495;
Bezirk Harburg;Harburg;70119902;Briefabstimmbezirk;BRIEFABSTIMMBEZIRK;0;800;7;793;305;488;
Bezirk Harburg;Harburg;70119903;Briefabstimmbezirk;BRIEFABSTIMMBEZIRK;0;799;4;795;316;479;
Bezirk Harburg;Harburg;70119904;Briefabstimmbezirk;BRIEFABSTIMMBEZIRK;0;785;3;782;322;460;
Bezirk Harburg;Harburg;70119905;Briefabstimmbezirk;BRIEFABSTIMMBEZIRK;0;540;0;540;204;336;
Bezirk Harburg;Neuland/Gut Moor;7021;Schule Neuland;ABSTIMMBEZIRK;972;86;0;86;48;38;
Bezirk Harburg;Neuland/Gut Moor;70219901;Briefabstimmbezirk;BRIEFABSTIMMBEZIRK;0;369;1;368;148;220;
Bezirk Harburg;Wilstorf;7041;Schule Kapellenweg;ABSTIMMBEZIRK;10019;397;0;397;170;227;
Bezirk Harburg;Wilstorf;70419901;Briefabstimmbezirk;BRIEFABSTIMMBEZIRK;0;800;0;800;274;526;
Bezirk Harburg;Wilstorf;70419902;Briefabstimmbezirk;BRIEFABSTIMMBEZIRK;0;800;2;798;328;470;
Bezirk Harburg;Wilstorf;70419903;Briefabstimmbezirk;BRIEFABSTIMMBEZIRK;0;810;5;805;314;491;
Bezirk Harburg;Wilstorf;70419904;Briefabstimmbezirk;BRIEFABSTIMMBEZIRK;0;635;1;634;248;386;
Bezirk Harburg;Wilstorf;70419905;Briefabstimmbezirk;BRIEFABSTIMMBEZIRK;0;413;1;412;152;260;
Bezirk Harburg;Rönneburg;7051;Schule Rönneburg;ABSTIMMBEZIRK;2185;181;1;180;81;99;
Bezirk Harburg;Rönneburg;70519901;Briefabstimmbezirk;BRIEFABSTIMMBEZIRK;0;511;1;510;248;262;
Bezirk Harburg;Rönneburg;70519902;Briefabstimmbezirk;BRIEFABSTIMMBEZIRK;0;421;0;421;163;258;
Bezirk Harburg;Langenbek;7061;Stadtteilschule Lessing;ABSTIMMBEZIRK;2863;144;1;143;60;83;
Bezirk Harburg;Langenbek;70619901;Briefabstimmbezirk;BRIEFABSTIMMBEZIRK;0;469;1;468;188;280;
Bezirk Harburg;Langenbek;70619902;Briefabstimmbezirk;BRIEFABSTIMMBEZIRK;0;401;0;401;143;258;
Bezirk Harburg;Langenbek;70619903;Briefabstimmbezirk;BRIEFABSTIMMBEZIRK;0;398;1;397;174;223;
Bezirk Harburg;Sinstorf;7071;Schule Scheeßeler Kehre;ABSTIMMBEZIRK;2412;141;0;141;69;72;
Bezirk Harburg;Sinstorf;70719901;Briefabstimmbezirk;BRIEFABSTIMMBEZIRK;0;546;0;546;251;295;
Bezirk Harburg;Sinstorf;70719902;Briefabstimmbezirk;BRIEFABSTIMMBEZIRK;0;404;0;404;164;240;
Bezirk Harburg;Marmstorf;7081;Schule Marmstorf;ABSTIMMBEZIRK;6480;443;3;440;220;220;
Bezirk Harburg;Marmstorf;70819901;Briefabstimmbezirk;BRIEFABSTIMMBEZIRK;0;800;0;800;363;437;
Bezirk Harburg;Marmstorf;70819902;Briefabstimmbezirk;BRIEFABSTIMMBEZIRK;0;800;3;797;398;399;
Bezirk Harburg;Marmstorf;70819903;Briefabstimmbezirk;BRIEFABSTIMMBEZIRK;0;449;2;447;197;250;
Bezirk Harburg;Marmstorf;70819904;Briefabstimmbezirk;BRIEFABSTIMMBEZIRK;0;412;1;411;168;243;
Bezirk Harburg;Marmstorf;70819905;Briefabstimmbezirk;BRIEFABSTIMMBEZIRK;0;404;0;404;174;230;
Bezirk Harburg;Eißendorf;7091;Heisenberg Gymnasium;ABSTIMMBEZIRK;7950;358;0;358;119;239;
Bezirk Harburg;Eißendorf;70919901;Briefabstimmbezirk;BRIEFABSTIMMBEZIRK;0;800;1;799;290;509;
Bezirk Harburg;Eißendorf;70919902;Briefabstimmbezirk;BRIEFABSTIMMBEZIRK;0;793;0;793;301;492;
Bezirk Harburg;Eißendorf;70919903;Briefabstimmbezirk;BRIEFABSTIMMBEZIRK;0;574;2;572;198;374;
Bezirk Harburg;Eißendorf;70919904;Briefabstimmbezirk;BRIEFABSTIMMBEZIRK;0;424;0;424;151;273;
Bezirk Harburg;Eißendorf;7092;Schule In der Alten Forst;ABSTIMMBEZIRK;7942;432;1;431;212;219;
Bezirk Harburg;Eißendorf;70929901;Briefabstimmbezirk;BRIEFABSTIMMBEZIRK;0;803;0;803;374;429;
Bezirk Harburg;Eißendorf;70929902;Briefabstimmbezirk;BRIEFABSTIMMBEZIRK;0;800;0;800;359;441;
Bezirk Harburg;Eißendorf;70929903;Briefabstimmbezirk;BRIEFABSTIMMBEZIRK;0;800;5;795;336;459;
Bezirk Harburg;Eißendorf;70929904;Briefabstimmbezirk;BRIEFABSTIMMBEZIRK;0;650;1;649;300;349;
Bezirk Harburg;Eißendorf;70929905;Briefabstimmbezirk;BRIEFABSTIMMBEZIRK;0;417;2;415;145;270;
Bezirk Harburg;Heimfeld;7101;Schule Grumbrechtstraße;ABSTIMMBEZIRK;6519;442;0;442;168;274;
Bezirk Harburg;Heimfeld;71019901;Briefabstimmbezirk;BRIEFABSTIMMBEZIRK;0;800;0;800;343;457;
Bezirk Harburg;Heimfeld;71019902;Briefabstimmbezirk;BRIEFABSTIMMBEZIRK;0;559;2;557;243;314;
Bezirk Harburg;Heimfeld;71019903;Briefabstimmbezirk;BRIEFABSTIMMBEZIRK;0;421;0;421;162;259;
Bezirk Harburg;Heimfeld;71019904;Briefabstimmbezirk;BRIEFABSTIMMBEZIRK;0;403;0;403;161;242;
Bezirk Harburg;Heimfeld;7102;Grundschule am Kiefernberg;ABSTIMMBEZIRK;6551;379;1;378;145;233;
Bezirk Harburg;Heimfeld;71029901;Briefabstimmbezirk;BRIEFABSTIMMBEZIRK;0;800;0;800;354;446;
Bezirk Harburg;Heimfeld;71029902;Briefabstimmbezirk;BRIEFABSTIMMBEZIRK;0;806;1;805;322;483;
Bezirk Harburg;Heimfeld;71029903;Briefabstimmbezirk;BRIEFABSTIMMBEZIRK;0;608;2;606;228;378;
Bezirk Harburg;Heimfeld;71029904;Briefabstimmbezirk;BRIEFABSTIMMBEZIRK;0;415;0;415;176;239;
Bezirk Harburg;Moorburg/Altenwerder/Francop;7111;Elbdeich e.V. Veranstaltungen;ABSTIMMBEZIRK;976;87;0;87;20;67;
Bezirk Harburg;Moorburg/Altenwerder/Francop;71119901;Briefabstimmbezirk;BRIEFABSTIMMBEZIRK;0;420;2;418;163;255;
Bezirk Harburg;Hausbruch;7131;Grundschule An der Haake;ABSTIMMBEZIRK;11152;495;0;495;201;294;
Bezirk Harburg;Hausbruch;71319901;Briefabstimmbezirk;BRIEFABSTIMMBEZIRK;0;800;3;797;330;467;
Bezirk Harburg;Hausbruch;71319902;Briefabstimmbezirk;BRIEFABSTIMMBEZIRK;0;800;3;797;326;471;
Bezirk Harburg;Hausbruch;71319903;Briefabstimmbezirk;BRIEFABSTIMMBEZIRK;0;800;1;799;340;459;
Bezirk Harburg;Hausbruch;71319904;Briefabstimmbezirk;BRIEFABSTIMMBEZIRK;0;690;0;690;265;425;
Bezirk Harburg;Hausbruch;71319905;Briefabstimmbezirk;BRIEFABSTIMMBEZIRK;0;411;0;411;172;239;
Bezirk Harburg;Neugraben-Fischbek;7141;Stadtteilschule Süderelbe;ABSTIMMBEZIRK;7306;316;2;314;127;187;
Bezirk Harburg;Neugraben-Fischbek;71419901;Briefabstimmbezirk;BRIEFABSTIMMBEZIRK;0;805;1;804;345;459;
Bezirk Harburg;Neugraben-Fischbek;71419902;Briefabstimmbezirk;BRIEFABSTIMMBEZIRK;0;714;4;710;325;385;
Bezirk Harburg;Neugraben-Fischbek;71419903;Briefabstimmbezirk;BRIEFABSTIMMBEZIRK;0;411;1;410;174;236;
Bezirk Harburg;Neugraben-Fischbek;71419904;Briefabstimmbezirk;BRIEFABSTIMMBEZIRK;0;400;0;400;158;242;
Bezirk Harburg;Neugraben-Fischbek;7142;Bezirksamt Harburg, Standort Süderelbe;ABSTIMMBEZIRK;7191;423;0;423;182;241;
Bezirk Harburg;Neugraben-Fischbek;71429901;Briefabstimmbezirk;BRIEFABSTIMMBEZIRK;0;800;1;799;352;447;
Bezirk Harburg;Neugraben-Fischbek;71429902;Briefabstimmbezirk;BRIEFABSTIMMBEZIRK;0;803;1;802;341;461;
Bezirk Harburg;Neugraben-Fischbek;71429903;Briefabstimmbezirk;BRIEFABSTIMMBEZIRK;0;604;0;604;254;350;
Bezirk Harburg;Neugraben-Fischbek;71429904;Briefabstimmbezirk;BRIEFABSTIMMBEZIRK;0;418;0;418;178;240;
Bezirk Harburg;Neugraben-Fischbek;71429905;Briefabstimmbezirk;BRIEFABSTIMMBEZIRK;0;400;1;399;156;243;
Bezirk Harburg;Neugraben-Fischbek;7143;Schule Ohrnsweg;ABSTIMMBEZIRK;7261;293;0;293;141;152;
Bezirk Harburg;Neugraben-Fischbek;71439901;Briefabstimmbezirk;BRIEFABSTIMMBEZIRK;0;802;2;800;348;452;
Bezirk Harburg;Neugraben-Fischbek;71439902;Briefabstimmbezirk;BRIEFABSTIMMBEZIRK;0;801;1;800;320;480;
Bezirk Harburg;Neugraben-Fischbek;71439903;Briefabstimmbezirk;BRIEFABSTIMMBEZIRK;0;753;2;751;310;441;
Bezirk Harburg;Neuenfelde/Cranz;7161;Schule Arp-Schnitger-Stieg;ABSTIMMBEZIRK;3147;194;0;194;79;115;
Bezirk Harburg;Neuenfelde/Cranz;71619901;Briefabstimmbezirk;BRIEFABSTIMMBEZIRK;0;787;0;787;356;431;
Bezirk Harburg;Neuenfelde/Cranz;71619902;Briefabstimmbezirk;BRIEFABSTIMMBEZIRK;0;405;0;405;176;229;
